Event Index,UTC Timestamp,Local Timestamp,Local Timezone,Experiment ID,Experiment Version,Tree Node Key,Repeat Key,Schedule ID,Participant Public ID,Participant Private ID,Participant Starting Group,Participant Status,Participant Completion Code,Participant External Session ID,Participant Device Type,Participant Device,Participant OS,Participant Browser,Participant Monitor Size,Participant Viewport Size,Checkpoint,Task Name,Task Version,branch-sece,branch-52yw,branch-k19s,randomiser-ilmk,order-cg81,order-f5ck,order-w8r4,order-mnhh,order-lgbu,order-f4f2,order-cdib,order-v22n,order-zlxs,order-flk3,order-e65y,order-6gm2,Randomise questionnaire elements?,Question Key,Response
1,1.64635E+12,1.64635E+12,0,74297,30,questionnaire-5uc8,,20041586,11727,5936792,,complete,,,computer,Desktop or Laptop,Mac OS 10.12.5,Chrome 98.0.4758.109,1440x900,1440x821,,Consent + Demographic Qs,5,elimination correct,distraction correct,Accept young,SNE,,,,,,,,,AB,,AB,,No,BEGIN QUESTIONNAIRE,
2,1.64635E+12,1.64635E+12,0,74297,30,questionnaire-5uc8,,20041586,11727,5936792,,complete,,,computer,Desktop or Laptop,Mac OS 10.12.5,Chrome 98.0.4758.109,1440x900,1440x821,,Consent + Demographic Qs,5,elimination correct,distraction correct,Accept young,SNE,,,,,,,,,AB,,AB,,No,Age,19
3,1.64635E+12,1.64635E+12,0,74297,30,questionnaire-5uc8,,20041586,11727,5936792,,complete,,,computer,Desktop or Laptop,Mac OS 10.12.5,Chrome 98.0.4758.109,1440x900,1440x821,,Consent + Demographic Qs,5,elimination correct,distraction correct,Accept young,SNE,,,,,,,,,AB,,AB,,No,Age-quantised,3
4,1.64635E+12,1.64635E+12,0,74297,30,questionnaire-5uc8,,20041586,11727,5936792,,complete,,,computer,Desktop or Laptop,Mac OS 10.12.5,Chrome 98.0.4758.109,1440x900,1440x821,,Consent + Demographic Qs,5,elimination correct,distraction correct,Accept young,SNE,,,,,,,,,AB,,AB,,No,Gender,Female
5,1.64635E+12,1.64635E+12,0,74297,30,questionnaire-5uc8,,20041586,11727,5936792,,complete,,,computer,Desktop or Laptop,Mac OS 10.12.5,Chrome 98.0.4758.109,1440x900,1440x821,,Consent + Demographic Qs,5,elimination correct,distraction correct,Accept young,SNE,,,,,,,,,AB,,AB,,No,Gender-quantised,2
6,1.64635E+12,1.64635E+12,0,74297,30,questionnaire-5uc8,,20041586,11727,5936792,,complete,,,computer,Desktop or Laptop,Mac OS 10.12.5,Chrome 98.0.4758.109,1440x900,1440x821,,Consent + Demographic Qs,5,elimination correct,distraction correct,Accept young,SNE,,,,,,,,,AB,,AB,,No,Gender-text,
7,1.64635E+12,1.64635E+12,0,74297,30,questionnaire-5uc8,,20041586,11727,5936792,,complete,,,computer,Desktop or Laptop,Mac OS 10.12.5,Chrome 98.0.4758.109,1440x900,1440x821,,Consent + Demographic Qs,5,elimination correct,distraction correct,Accept young,SNE,,,,,,,,,AB,,AB,,No,seizures,1
8,1.64635E+12,1.64635E+12,0,74297,30,questionnaire-5uc8,,20041586,11727,5936792,,complete,,,computer,Desktop or Laptop,Mac OS 10.12.5,Chrome 98.0.4758.109,1440x900,1440x821,,Consent + Demographic Qs,5,elimination correct,distraction correct,Accept young,SNE,,,,,,,,,AB,,AB,,No,device,1
9,1.64635E+12,1.64635E+12,0,74297,30,questionnaire-5uc8,,20041586,11727,5936792,,complete,,,computer,Desktop or Laptop,Mac OS 10.12.5,Chrome 98.0.4758.109,1440x900,1440x821,,Consent + Demographic Qs,5,elimination correct,distraction correct,Accept young,SNE,,,,,,,,,AB,,AB,,No,consent,1
10,1.64635E+12,1.64635E+12,0,74297,30,questionnaire-5uc8,,20041586,11727,5936792,,complete,,,computer,Desktop or Laptop,Mac OS 10.12.5,Chrome 98.0.4758.109,1440x900,1440x821,,Consent + Demographic Qs,5,elimination correct,distraction correct,Accept young,SNE,,,,,,,,,AB,,AB,,No,END QUESTIONNAIRE,30686
1,1.64641E+12,1.64641E+12,0,74297,30,questionnaire-5uc8,,20079735,11810,5946414,,complete,,,computer,Desktop or Laptop,Mac OS 10.15.7,Chrome 98.0.4758.109,1440x900,1440x692,,Consent + Demographic Qs,5,elimination correct,distraction correct,Accept young,ESN,AB,AB,,,,,,,,,,,No,BEGIN QUESTIONNAIRE,
2,1.64641E+12,1.64641E+12,0,74297,30,questionnaire-5uc8,,20079735,11810,5946414,,complete,,,computer,Desktop or Laptop,Mac OS 10.15.7,Chrome 98.0.4758.109,1440x900,1440x692,,Consent + Demographic Qs,5,elimination correct,distraction correct,Accept young,ESN,AB,AB,,,,,,,,,,,No,Age,19
3,1.64641E+12,1.64641E+12,0,74297,30,questionnaire-5uc8,,20079735,11810,5946414,,complete,,,computer,Desktop or Laptop,Mac OS 10.15.7,Chrome 98.0.4758.109,1440x900,1440x692,,Consent + Demographic Qs,5,elimination correct,distraction correct,Accept young,ESN,AB,AB,,,,,,,,,,,No,Age-quantised,3
4,1.64641E+12,1.64641E+12,0,74297,30,questionnaire-5uc8,,20079735,11810,5946414,,complete,,,computer,Desktop or Laptop,Mac OS 10.15.7,Chrome 98.0.4758.109,1440x900,1440x692,,Consent + Demographic Qs,5,elimination correct,distraction correct,Accept young,ESN,AB,AB,,,,,,,,,,,No,Gender,Female
5,1.64641E+12,1.64641E+12,0,74297,30,questionnaire-5uc8,,20079735,11810,5946414,,complete,,,computer,Desktop or Laptop,Mac OS 10.15.7,Chrome 98.0.4758.109,1440x900,1440x692,,Consent + Demographic Qs,5,elimination correct,distraction correct,Accept young,ESN,AB,AB,,,,,,,,,,,No,Gender-quantised,2
6,1.64641E+12,1.64641E+12,0,74297,30,questionnaire-5uc8,,20079735,11810,5946414,,complete,,,computer,Desktop or Laptop,Mac OS 10.15.7,Chrome 98.0.4758.109,1440x900,1440x692,,Consent + Demographic Qs,5,elimination correct,distraction correct,Accept young,ESN,AB,AB,,,,,,,,,,,No,Gender-text,
7,1.64641E+12,1.64641E+12,0,74297,30,questionnaire-5uc8,,20079735,11810,5946414,,complete,,,computer,Desktop or Laptop,Mac OS 10.15.7,Chrome 98.0.4758.109,1440x900,1440x692,,Consent + Demographic Qs,5,elimination correct,distraction correct,Accept young,ESN,AB,AB,,,,,,,,,,,No,seizures,1
8,1.64641E+12,1.64641E+12,0,74297,30,questionnaire-5uc8,,20079735,11810,5946414,,complete,,,computer,Desktop or Laptop,Mac OS 10.15.7,Chrome 98.0.4758.109,1440x900,1440x692,,Consent + Demographic Qs,5,elimination correct,distraction correct,Accept young,ESN,AB,AB,,,,,,,,,,,No,device,1
9,1.64641E+12,1.64641E+12,0,74297,30,questionnaire-5uc8,,20079735,11810,5946414,,complete,,,computer,Desktop or Laptop,Mac OS 10.15.7,Chrome 98.0.4758.109,1440x900,1440x692,,Consent + Demographic Qs,5,elimination correct,distraction correct,Accept young,ESN,AB,AB,,,,,,,,,,,No,consent,1
10,1.64641E+12,1.64641E+12,0,74297,30,questionnaire-5uc8,,20079735,11810,5946414,,complete,,,computer,Desktop or Laptop,Mac OS 10.15.7,Chrome 98.0.4758.109,1440x900,1440x692,,Consent + Demographic Qs,5,elimination correct,distraction correct,Accept young,ESN,AB,AB,,,,,,,,,,,No,END QUESTIONNAIRE,23389
1,1.64642E+12,1.64642E+12,0,74297,30,questionnaire-5uc8,,20084755,11683,5947992,,complete,,,computer,Desktop or Laptop,Windows 10,Chrome 99.0.4844.51,1280x720,1280x601,,Consent + Demographic Qs,5,elimination correct,distraction correct,Accept young,NES,,,,,AB,AB,,,,,,,No,BEGIN QUESTIONNAIRE,
2,1.64642E+12,1.64642E+12,0,74297,30,questionnaire-5uc8,,20084755,11683,5947992,,complete,,,computer,Desktop or Laptop,Windows 10,Chrome 99.0.4844.51,1280x720,1280x601,,Consent + Demographic Qs,5,elimination correct,distraction correct,Accept young,NES,,,,,AB,AB,,,,,,,No,BEGIN QUESTIONNAIRE,
3,1.64642E+12,1.64642E+12,0,74297,30,questionnaire-5uc8,,20084755,11683,5947992,,complete,,,computer,Desktop or Laptop,Windows 10,Chrome 99.0.4844.51,1280x720,1263x601,,Consent + Demographic Qs,5,elimination correct,distraction correct,Accept young,NES,,,,,AB,AB,,,,,,,No,Age,19
4,1.64642E+12,1.64642E+12,0,74297,30,questionnaire-5uc8,,20084755,11683,5947992,,complete,,,computer,Desktop or Laptop,Windows 10,Chrome 99.0.4844.51,1280x720,1263x601,,Consent + Demographic Qs,5,elimination correct,distraction correct,Accept young,NES,,,,,AB,AB,,,,,,,No,Age-quantised,3
5,1.64642E+12,1.64642E+12,0,74297,30,questionnaire-5uc8,,20084755,11683,5947992,,complete,,,computer,Desktop or Laptop,Windows 10,Chrome 99.0.4844.51,1280x720,1263x601,,Consent + Demographic Qs,5,elimination correct,distraction correct,Accept young,NES,,,,,AB,AB,,,,,,,No,Gender,Female
6,1.64642E+12,1.64642E+12,0,74297,30,questionnaire-5uc8,,20084755,11683,5947992,,complete,,,computer,Desktop or Laptop,Windows 10,Chrome 99.0.4844.51,1280x720,1263x601,,Consent + Demographic Qs,5,elimination correct,distraction correct,Accept young,NES,,,,,AB,AB,,,,,,,No,Gender-quantised,2
7,1.64642E+12,1.64642E+12,0,74297,30,questionnaire-5uc8,,20084755,11683,5947992,,complete,,,computer,Desktop or Laptop,Windows 10,Chrome 99.0.4844.51,1280x720,1263x601,,Consent + Demographic Qs,5,elimination correct,distraction correct,Accept young,NES,,,,,AB,AB,,,,,,,No,Gender-text,
8,1.64642E+12,1.64642E+12,0,74297,30,questionnaire-5uc8,,20084755,11683,5947992,,complete,,,computer,Desktop or Laptop,Windows 10,Chrome 99.0.4844.51,1280x720,1263x601,,Consent + Demographic Qs,5,elimination correct,distraction correct,Accept young,NES,,,,,AB,AB,,,,,,,No,seizures,1
9,1.64642E+12,1.64642E+12,0,74297,30,questionnaire-5uc8,,20084755,11683,5947992,,complete,,,computer,Desktop or Laptop,Windows 10,Chrome 99.0.4844.51,1280x720,1263x601,,Consent + Demographic Qs,5,elimination correct,distraction correct,Accept young,NES,,,,,AB,AB,,,,,,,No,device,1
10,1.64642E+12,1.64642E+12,0,74297,30,questionnaire-5uc8,,20084755,11683,5947992,,complete,,,computer,Desktop or Laptop,Windows 10,Chrome 99.0.4844.51,1280x720,1263x601,,Consent + Demographic Qs,5,elimination correct,distraction correct,Accept young,NES,,,,,AB,AB,,,,,,,No,consent,1
11,1.64642E+12,1.64642E+12,0,74297,30,questionnaire-5uc8,,20084755,11683,5947992,,complete,,,computer,Desktop or Laptop,Windows 10,Chrome 99.0.4844.51,1280x720,1263x601,,Consent + Demographic Qs,5,elimination correct,distraction correct,Accept young,NES,,,,,AB,AB,,,,,,,No,END QUESTIONNAIRE,28978
1,1.64642E+12,1.64642E+12,0,74297,30,questionnaire-5uc8,,20085708,11681,5950660,,complete,,,computer,Desktop or Laptop,Chromium OS 14388.61.0,Chrome 98.0.4758.107,1366x912,1366x761,,Consent + Demographic Qs,5,elimination correct,distraction correct,Accept young,NSE,,,,,,,AB,AB,,,,,No,BEGIN QUESTIONNAIRE,
2,1.64642E+12,1.64642E+12,0,74297,30,questionnaire-5uc8,,20085708,11681,5950660,,complete,,,computer,Desktop or Laptop,Chromium OS 14388.61.0,Chrome 98.0.4758.107,1366x912,1366x761,,Consent + Demographic Qs,5,elimination correct,distraction correct,Accept young,NSE,,,,,,,AB,AB,,,,,No,Age,19
3,1.64642E+12,1.64642E+12,0,74297,30,questionnaire-5uc8,,20085708,11681,5950660,,complete,,,computer,Desktop or Laptop,Chromium OS 14388.61.0,Chrome 98.0.4758.107,1366x912,1366x761,,Consent + Demographic Qs,5,elimination correct,distraction correct,Accept young,NSE,,,,,,,AB,AB,,,,,No,Age-quantised,3
4,1.64642E+12,1.64642E+12,0,74297,30,questionnaire-5uc8,,20085708,11681,5950660,,complete,,,computer,Desktop or Laptop,Chromium OS 14388.61.0,Chrome 98.0.4758.107,1366x912,1366x761,,Consent + Demographic Qs,5,elimination correct,distraction correct,Accept young,NSE,,,,,,,AB,AB,,,,,No,Gender,Male
5,1.64642E+12,1.64642E+12,0,74297,30,questionnaire-5uc8,,20085708,11681,5950660,,complete,,,computer,Desktop or Laptop,Chromium OS 14388.61.0,Chrome 98.0.4758.107,1366x912,1366x761,,Consent + Demographic Qs,5,elimination correct,distraction correct,Accept young,NSE,,,,,,,AB,AB,,,,,No,Gender-quantised,1
6,1.64642E+12,1.64642E+12,0,74297,30,questionnaire-5uc8,,20085708,11681,5950660,,complete,,,computer,Desktop or Laptop,Chromium OS 14388.61.0,Chrome 98.0.4758.107,1366x912,1366x761,,Consent + Demographic Qs,5,elimination correct,distraction correct,Accept young,NSE,,,,,,,AB,AB,,,,,No,Gender-text,
7,1.64642E+12,1.64642E+12,0,74297,30,questionnaire-5uc8,,20085708,11681,5950660,,complete,,,computer,Desktop or Laptop,Chromium OS 14388.61.0,Chrome 98.0.4758.107,1366x912,1366x761,,Consent + Demographic Qs,5,elimination correct,distraction correct,Accept young,NSE,,,,,,,AB,AB,,,,,No,seizures,1
8,1.64642E+12,1.64642E+12,0,74297,30,questionnaire-5uc8,,20085708,11681,5950660,,complete,,,computer,Desktop or Laptop,Chromium OS 14388.61.0,Chrome 98.0.4758.107,1366x912,1366x761,,Consent + Demographic Qs,5,elimination correct,distraction correct,Accept young,NSE,,,,,,,AB,AB,,,,,No,device,1
9,1.64642E+12,1.64642E+12,0,74297,30,questionnaire-5uc8,,20085708,11681,5950660,,complete,,,computer,Desktop or Laptop,Chromium OS 14388.61.0,Chrome 98.0.4758.107,1366x912,1366x761,,Consent + Demographic Qs,5,elimination correct,distraction correct,Accept young,NSE,,,,,,,AB,AB,,,,,No,consent,1
10,1.64642E+12,1.64642E+12,0,74297,30,questionnaire-5uc8,,20085708,11681,5950660,,complete,,,computer,Desktop or Laptop,Chromium OS 14388.61.0,Chrome 98.0.4758.107,1366x912,1366x761,,Consent + Demographic Qs,5,elimination correct,distraction correct,Accept young,NSE,,,,,,,AB,AB,,,,,No,END QUESTIONNAIRE,14580
1,1.64659E+12,1.64659E+12,0,74297,30,questionnaire-5uc8,,20120494,11534,5966351,,complete,,,computer,Desktop or Laptop,Mac OS 10.15.7,Chrome 98.0.4758.109,1440x900,1216x744,,Consent + Demographic Qs,5,elimination correct,distraction correct,Accept young,SEN,,,AB,AB,,,,,,,,,No,BEGIN QUESTIONNAIRE,
2,1.64659E+12,1.64659E+12,0,74297,30,questionnaire-5uc8,,20120494,11534,5966351,,complete,,,computer,Desktop or Laptop,Mac OS 10.15.7,Chrome 98.0.4758.109,1440x900,1216x744,,Consent + Demographic Qs,5,elimination correct,distraction correct,Accept young,SEN,,,AB,AB,,,,,,,,,No,Age,21
3,1.64659E+12,1.64659E+12,0,74297,30,questionnaire-5uc8,,20120494,11534,5966351,,complete,,,computer,Desktop or Laptop,Mac OS 10.15.7,Chrome 98.0.4758.109,1440x900,1216x744,,Consent + Demographic Qs,5,elimination correct,distraction correct,Accept young,SEN,,,AB,AB,,,,,,,,,No,Age-quantised,5
4,1.64659E+12,1.64659E+12,0,74297,30,questionnaire-5uc8,,20120494,11534,5966351,,complete,,,computer,Desktop or Laptop,Mac OS 10.15.7,Chrome 98.0.4758.109,1440x900,1216x744,,Consent + Demographic Qs,5,elimination correct,distraction correct,Accept young,SEN,,,AB,AB,,,,,,,,,No,Gender,Female
5,1.64659E+12,1.64659E+12,0,74297,30,questionnaire-5uc8,,20120494,11534,5966351,,complete,,,computer,Desktop or Laptop,Mac OS 10.15.7,Chrome 98.0.4758.109,1440x900,1216x744,,Consent + Demographic Qs,5,elimination correct,distraction correct,Accept young,SEN,,,AB,AB,,,,,,,,,No,Gender-quantised,2
6,1.64659E+12,1.64659E+12,0,74297,30,questionnaire-5uc8,,20120494,11534,5966351,,complete,,,computer,Desktop or Laptop,Mac OS 10.15.7,Chrome 98.0.4758.109,1440x900,1216x744,,Consent + Demographic Qs,5,elimination correct,distraction correct,Accept young,SEN,,,AB,AB,,,,,,,,,No,Gender-text,
7,1.64659E+12,1.64659E+12,0,74297,30,questionnaire-5uc8,,20120494,11534,5966351,,complete,,,computer,Desktop or Laptop,Mac OS 10.15.7,Chrome 98.0.4758.109,1440x900,1216x744,,Consent + Demographic Qs,5,elimination correct,distraction correct,Accept young,SEN,,,AB,AB,,,,,,,,,No,seizures,1
8,1.64659E+12,1.64659E+12,0,74297,30,questionnaire-5uc8,,20120494,11534,5966351,,complete,,,computer,Desktop or Laptop,Mac OS 10.15.7,Chrome 98.0.4758.109,1440x900,1216x744,,Consent + Demographic Qs,5,elimination correct,distraction correct,Accept young,SEN,,,AB,AB,,,,,,,,,No,device,1
9,1.64659E+12,1.64659E+12,0,74297,30,questionnaire-5uc8,,20120494,11534,5966351,,complete,,,computer,Desktop or Laptop,Mac OS 10.15.7,Chrome 98.0.4758.109,1440x900,1216x744,,Consent + Demographic Qs,5,elimination correct,distraction correct,Accept young,SEN,,,AB,AB,,,,,,,,,No,consent,1
10,1.64659E+12,1.64659E+12,0,74297,30,questionnaire-5uc8,,20120494,11534,5966351,,complete,,,computer,Desktop or Laptop,Mac OS 10.15.7,Chrome 98.0.4758.109,1440x900,1216x744,,Consent + Demographic Qs,5,elimination correct,distraction correct,Accept young,SEN,,,AB,AB,,,,,,,,,No,END QUESTIONNAIRE,41824
1,1.64661E+12,1.64661E+12,0,74297,30,questionnaire-5uc8,,20129192,11691,5968425,,complete,,,computer,Desktop or Laptop,Mac OS 10.15.7,Chrome 99.0.4844.51,1440x900,1200x656,,Consent + Demographic Qs,5,elimination correct,distraction correct,Accept young,ENS,,,,,,,,,,AB,,AB,No,BEGIN QUESTIONNAIRE,
2,1.64661E+12,1.64661E+12,0,74297,30,questionnaire-5uc8,,20129192,11691,5968425,,complete,,,computer,Desktop or Laptop,Mac OS 10.15.7,Chrome 99.0.4844.51,1440x900,1440x789,,Consent + Demographic Qs,5,elimination correct,distraction correct,Accept young,ENS,,,,,,,,,,AB,,AB,No,Age,19
3,1.64661E+12,1.64661E+12,0,74297,30,questionnaire-5uc8,,20129192,11691,5968425,,complete,,,computer,Desktop or Laptop,Mac OS 10.15.7,Chrome 99.0.4844.51,1440x900,1440x789,,Consent + Demographic Qs,5,elimination correct,distraction correct,Accept young,ENS,,,,,,,,,,AB,,AB,No,Age-quantised,3
4,1.64661E+12,1.64661E+12,0,74297,30,questionnaire-5uc8,,20129192,11691,5968425,,complete,,,computer,Desktop or Laptop,Mac OS 10.15.7,Chrome 99.0.4844.51,1440x900,1440x789,,Consent + Demographic Qs,5,elimination correct,distraction correct,Accept young,ENS,,,,,,,,,,AB,,AB,No,Gender,Female
5,1.64661E+12,1.64661E+12,0,74297,30,questionnaire-5uc8,,20129192,11691,5968425,,complete,,,computer,Desktop or Laptop,Mac OS 10.15.7,Chrome 99.0.4844.51,1440x900,1440x789,,Consent + Demographic Qs,5,elimination correct,distraction correct,Accept young,ENS,,,,,,,,,,AB,,AB,No,Gender-quantised,2
6,1.64661E+12,1.64661E+12,0,74297,30,questionnaire-5uc8,,20129192,11691,5968425,,complete,,,computer,Desktop or Laptop,Mac OS 10.15.7,Chrome 99.0.4844.51,1440x900,1440x789,,Consent + Demographic Qs,5,elimination correct,distraction correct,Accept young,ENS,,,,,,,,,,AB,,AB,No,Gender-text,
7,1.64661E+12,1.64661E+12,0,74297,30,questionnaire-5uc8,,20129192,11691,5968425,,complete,,,computer,Desktop or Laptop,Mac OS 10.15.7,Chrome 99.0.4844.51,1440x900,1440x789,,Consent + Demographic Qs,5,elimination correct,distraction correct,Accept young,ENS,,,,,,,,,,AB,,AB,No,seizures,1
8,1.64661E+12,1.64661E+12,0,74297,30,questionnaire-5uc8,,20129192,11691,5968425,,complete,,,computer,Desktop or Laptop,Mac OS 10.15.7,Chrome 99.0.4844.51,1440x900,1440x789,,Consent + Demographic Qs,5,elimination correct,distraction correct,Accept young,ENS,,,,,,,,,,AB,,AB,No,device,1
9,1.64661E+12,1.64661E+12,0,74297,30,questionnaire-5uc8,,20129192,11691,5968425,,complete,,,computer,Desktop or Laptop,Mac OS 10.15.7,Chrome 99.0.4844.51,1440x900,1440x789,,Consent + Demographic Qs,5,elimination correct,distraction correct,Accept young,ENS,,,,,,,,,,AB,,AB,No,consent,1
10,1.64661E+12,1.64661E+12,0,74297,30,questionnaire-5uc8,,20129192,11691,5968425,,complete,,,computer,Desktop or Laptop,Mac OS 10.15.7,Chrome 99.0.4844.51,1440x900,1440x789,,Consent + Demographic Qs,5,elimination correct,distraction correct,Accept young,ENS,,,,,,,,,,AB,,AB,No,END QUESTIONNAIRE,18920
1,1.64661E+12,1.64661E+12,0,74297,30,questionnaire-5uc8,,20129309,11743,5968452,,complete,,,computer,Desktop or Laptop,Mac OS 10.15.7,Chrome 98.0.4758.109,1440x900,1440x722,,Consent + Demographic Qs,5,elimination correct,distraction correct,Accept young,SEN,,,BA,BA,,,,,,,,,No,BEGIN QUESTIONNAIRE,
2,1.64661E+12,1.64661E+12,0,74297,30,questionnaire-5uc8,,20129309,11743,5968452,,complete,,,computer,Desktop or Laptop,Mac OS 10.15.7,Chrome 98.0.4758.109,1440x900,1440x722,,Consent + Demographic Qs,5,elimination correct,distraction correct,Accept young,SEN,,,BA,BA,,,,,,,,,No,Age,19
3,1.64661E+12,1.64661E+12,0,74297,30,questionnaire-5uc8,,20129309,11743,5968452,,complete,,,computer,Desktop or Laptop,Mac OS 10.15.7,Chrome 98.0.4758.109,1440x900,1440x722,,Consent + Demographic Qs,5,elimination correct,distraction correct,Accept young,SEN,,,BA,BA,,,,,,,,,No,Age-quantised,3
4,1.64661E+12,1.64661E+12,0,74297,30,questionnaire-5uc8,,20129309,11743,5968452,,complete,,,computer,Desktop or Laptop,Mac OS 10.15.7,Chrome 98.0.4758.109,1440x900,1440x722,,Consent + Demographic Qs,5,elimination correct,distraction correct,Accept young,SEN,,,BA,BA,,,,,,,,,No,Gender,Female
5,1.64661E+12,1.64661E+12,0,74297,30,questionnaire-5uc8,,20129309,11743,5968452,,complete,,,computer,Desktop or Laptop,Mac OS 10.15.7,Chrome 98.0.4758.109,1440x900,1440x722,,Consent + Demographic Qs,5,elimination correct,distraction correct,Accept young,SEN,,,BA,BA,,,,,,,,,No,Gender-quantised,2
6,1.64661E+12,1.64661E+12,0,74297,30,questionnaire-5uc8,,20129309,11743,5968452,,complete,,,computer,Desktop or Laptop,Mac OS 10.15.7,Chrome 98.0.4758.109,1440x900,1440x722,,Consent + Demographic Qs,5,elimination correct,distraction correct,Accept young,SEN,,,BA,BA,,,,,,,,,No,Gender-text,
7,1.64661E+12,1.64661E+12,0,74297,30,questionnaire-5uc8,,20129309,11743,5968452,,complete,,,computer,Desktop or Laptop,Mac OS 10.15.7,Chrome 98.0.4758.109,1440x900,1440x722,,Consent + Demographic Qs,5,elimination correct,distraction correct,Accept young,SEN,,,BA,BA,,,,,,,,,No,seizures,1
8,1.64661E+12,1.64661E+12,0,74297,30,questionnaire-5uc8,,20129309,11743,5968452,,complete,,,computer,Desktop or Laptop,Mac OS 10.15.7,Chrome 98.0.4758.109,1440x900,1440x722,,Consent + Demographic Qs,5,elimination correct,distraction correct,Accept young,SEN,,,BA,BA,,,,,,,,,No,device,1
9,1.64661E+12,1.64661E+12,0,74297,30,questionnaire-5uc8,,20129309,11743,5968452,,complete,,,computer,Desktop or Laptop,Mac OS 10.15.7,Chrome 98.0.4758.109,1440x900,1440x722,,Consent + Demographic Qs,5,elimination correct,distraction correct,Accept young,SEN,,,BA,BA,,,,,,,,,No,consent,1
10,1.64661E+12,1.64661E+12,0,74297,30,questionnaire-5uc8,,20129309,11743,5968452,,complete,,,computer,Desktop or Laptop,Mac OS 10.15.7,Chrome 98.0.4758.109,1440x900,1440x722,,Consent + Demographic Qs,5,elimination correct,distraction correct,Accept young,SEN,,,BA,BA,,,,,,,,,No,END QUESTIONNAIRE,14310
1,1.64664E+12,1.64664E+12,0,74297,30,questionnaire-5uc8,,20133995,11764,5970293,,complete,,,computer,Desktop or Laptop,Mac OS 10.15.7,Chrome 99.0.4844.51,1440x900,1050x607,,Consent + Demographic Qs,5,elimination correct,distraction correct,Accept young,NES,,,,,BA,BA,,,,,,,No,BEGIN QUESTIONNAIRE,
2,1.64664E+12,1.64664E+12,0,74297,30,questionnaire-5uc8,,20133995,11764,5970293,,complete,,,computer,Desktop or Laptop,Mac OS 10.15.7,Chrome 99.0.4844.51,1440x900,1050x607,,Consent + Demographic Qs,5,elimination correct,distraction correct,Accept young,NES,,,,,BA,BA,,,,,,,No,Age,18
3,1.64664E+12,1.64664E+12,0,74297,30,questionnaire-5uc8,,20133995,11764,5970293,,complete,,,computer,Desktop or Laptop,Mac OS 10.15.7,Chrome 99.0.4844.51,1440x900,1050x607,,Consent + Demographic Qs,5,elimination correct,distraction correct,Accept young,NES,,,,,BA,BA,,,,,,,No,Age-quantised,2
4,1.64664E+12,1.64664E+12,0,74297,30,questionnaire-5uc8,,20133995,11764,5970293,,complete,,,computer,Desktop or Laptop,Mac OS 10.15.7,Chrome 99.0.4844.51,1440x900,1050x607,,Consent + Demographic Qs,5,elimination correct,distraction correct,Accept young,NES,,,,,BA,BA,,,,,,,No,Gender,"If your gender is not specified in this list, please specify it here:"
5,1.64664E+12,1.64664E+12,0,74297,30,questionnaire-5uc8,,20133995,11764,5970293,,complete,,,computer,Desktop or Laptop,Mac OS 10.15.7,Chrome 99.0.4844.51,1440x900,1050x607,,Consent + Demographic Qs,5,elimination correct,distraction correct,Accept young,NES,,,,,BA,BA,,,,,,,No,Gender-text,Non-Binary
6,1.64664E+12,1.64664E+12,0,74297,30,questionnaire-5uc8,,20133995,11764,5970293,,complete,,,computer,Desktop or Laptop,Mac OS 10.15.7,Chrome 99.0.4844.51,1440x900,1050x607,,Consent + Demographic Qs,5,elimination correct,distraction correct,Accept young,NES,,,,,BA,BA,,,,,,,No,seizures,1
7,1.64664E+12,1.64664E+12,0,74297,30,questionnaire-5uc8,,20133995,11764,5970293,,complete,,,computer,Desktop or Laptop,Mac OS 10.15.7,Chrome 99.0.4844.51,1440x900,1050x607,,Consent + Demographic Qs,5,elimination correct,distraction correct,Accept young,NES,,,,,BA,BA,,,,,,,No,device,1
8,1.64664E+12,1.64664E+12,0,74297,30,questionnaire-5uc8,,20133995,11764,5970293,,complete,,,computer,Desktop or Laptop,Mac OS 10.15.7,Chrome 99.0.4844.51,1440x900,1050x607,,Consent + Demographic Qs,5,elimination correct,distraction correct,Accept young,NES,,,,,BA,BA,,,,,,,No,consent,1
9,1.64664E+12,1.64664E+12,0,74297,30,questionnaire-5uc8,,20133995,11764,5970293,,complete,,,computer,Desktop or Laptop,Mac OS 10.15.7,Chrome 99.0.4844.51,1440x900,1050x607,,Consent + Demographic Qs,5,elimination correct,distraction correct,Accept young,NES,,,,,BA,BA,,,,,,,No,END QUESTIONNAIRE,66427
1,1.64666E+12,1.64666E+12,0,74297,30,questionnaire-5uc8,,20142167,11602,5973022,,complete,,,computer,Desktop or Laptop,Windows 10,Chrome 98.0.4758.82,1366x768,1366x657,,Consent + Demographic Qs,5,elimination correct,distraction correct,Accept young,ESN,BA,BA,,,,,,,,,,,No,BEGIN QUESTIONNAIRE,
2,1.64666E+12,1.64666E+12,0,74297,30,questionnaire-5uc8,,20142167,11602,5973022,,complete,,,computer,Desktop or Laptop,Windows 10,Chrome 98.0.4758.82,1366x768,1349x657,,Consent + Demographic Qs,5,elimination correct,distraction correct,Accept young,ESN,BA,BA,,,,,,,,,,,No,Age,20
3,1.64666E+12,1.64666E+12,0,74297,30,questionnaire-5uc8,,20142167,11602,5973022,,complete,,,computer,Desktop or Laptop,Windows 10,Chrome 98.0.4758.82,1366x768,1349x657,,Consent + Demographic Qs,5,elimination correct,distraction correct,Accept young,ESN,BA,BA,,,,,,,,,,,No,Age-quantised,4
4,1.64666E+12,1.64666E+12,0,74297,30,questionnaire-5uc8,,20142167,11602,5973022,,complete,,,computer,Desktop or Laptop,Windows 10,Chrome 98.0.4758.82,1366x768,1349x657,,Consent + Demographic Qs,5,elimination correct,distraction correct,Accept young,ESN,BA,BA,,,,,,,,,,,No,Gender,Female
5,1.64666E+12,1.64666E+12,0,74297,30,questionnaire-5uc8,,20142167,11602,5973022,,complete,,,computer,Desktop or Laptop,Windows 10,Chrome 98.0.4758.82,1366x768,1349x657,,Consent + Demographic Qs,5,elimination correct,distraction correct,Accept young,ESN,BA,BA,,,,,,,,,,,No,Gender-quantised,2
6,1.64666E+12,1.64666E+12,0,74297,30,questionnaire-5uc8,,20142167,11602,5973022,,complete,,,computer,Desktop or Laptop,Windows 10,Chrome 98.0.4758.82,1366x768,1349x657,,Consent + Demographic Qs,5,elimination correct,distraction correct,Accept young,ESN,BA,BA,,,,,,,,,,,No,Gender-text,
7,1.64666E+12,1.64666E+12,0,74297,30,questionnaire-5uc8,,20142167,11602,5973022,,complete,,,computer,Desktop or Laptop,Windows 10,Chrome 98.0.4758.82,1366x768,1349x657,,Consent + Demographic Qs,5,elimination correct,distraction correct,Accept young,ESN,BA,BA,,,,,,,,,,,No,seizures,1
8,1.64666E+12,1.64666E+12,0,74297,30,questionnaire-5uc8,,20142167,11602,5973022,,complete,,,computer,Desktop or Laptop,Windows 10,Chrome 98.0.4758.82,1366x768,1349x657,,Consent + Demographic Qs,5,elimination correct,distraction correct,Accept young,ESN,BA,BA,,,,,,,,,,,No,device,1
9,1.64666E+12,1.64666E+12,0,74297,30,questionnaire-5uc8,,20142167,11602,5973022,,complete,,,computer,Desktop or Laptop,Windows 10,Chrome 98.0.4758.82,1366x768,1349x657,,Consent + Demographic Qs,5,elimination correct,distraction correct,Accept young,ESN,BA,BA,,,,,,,,,,,No,consent,1
10,1.64666E+12,1.64666E+12,0,74297,30,questionnaire-5uc8,,20142167,11602,5973022,,complete,,,computer,Desktop or Laptop,Windows 10,Chrome 98.0.4758.82,1366x768,1349x657,,Consent + Demographic Qs,5,elimination correct,distraction correct,Accept young,ESN,BA,BA,,,,,,,,,,,No,END QUESTIONNAIRE,18872
1,1.64666E+12,1.64666E+12,0,74297,30,questionnaire-5uc8,,20146437,11759,5974527,,complete,,,computer,Desktop or Laptop,Windows 10,Chrome 99.0.4844.51,1280x720,1280x609,,Consent + Demographic Qs,5,elimination correct,distraction correct,Accept young,SNE,,,,,,,,,BA,,BA,,No,BEGIN QUESTIONNAIRE,
2,1.64666E+12,1.64666E+12,0,74297,30,questionnaire-5uc8,,20146437,11759,5974527,,complete,,,computer,Desktop or Laptop,Windows 10,Chrome 99.0.4844.51,1280x720,1263x609,,Consent + Demographic Qs,5,elimination correct,distraction correct,Accept young,SNE,,,,,,,,,BA,,BA,,No,Age,19
3,1.64666E+12,1.64666E+12,0,74297,30,questionnaire-5uc8,,20146437,11759,5974527,,complete,,,computer,Desktop or Laptop,Windows 10,Chrome 99.0.4844.51,1280x720,1263x609,,Consent + Demographic Qs,5,elimination correct,distraction correct,Accept young,SNE,,,,,,,,,BA,,BA,,No,Age-quantised,3
4,1.64666E+12,1.64666E+12,0,74297,30,questionnaire-5uc8,,20146437,11759,5974527,,complete,,,computer,Desktop or Laptop,Windows 10,Chrome 99.0.4844.51,1280x720,1263x609,,Consent + Demographic Qs,5,elimination correct,distraction correct,Accept young,SNE,,,,,,,,,BA,,BA,,No,Gender,Female
5,1.64666E+12,1.64666E+12,0,74297,30,questionnaire-5uc8,,20146437,11759,5974527,,complete,,,computer,Desktop or Laptop,Windows 10,Chrome 99.0.4844.51,1280x720,1263x609,,Consent + Demographic Qs,5,elimination correct,distraction correct,Accept young,SNE,,,,,,,,,BA,,BA,,No,Gender-quantised,2
6,1.64666E+12,1.64666E+12,0,74297,30,questionnaire-5uc8,,20146437,11759,5974527,,complete,,,computer,Desktop or Laptop,Windows 10,Chrome 99.0.4844.51,1280x720,1263x609,,Consent + Demographic Qs,5,elimination correct,distraction correct,Accept young,SNE,,,,,,,,,BA,,BA,,No,Gender-text,
7,1.64666E+12,1.64666E+12,0,74297,30,questionnaire-5uc8,,20146437,11759,5974527,,complete,,,computer,Desktop or Laptop,Windows 10,Chrome 99.0.4844.51,1280x720,1263x609,,Consent + Demographic Qs,5,elimination correct,distraction correct,Accept young,SNE,,,,,,,,,BA,,BA,,No,seizures,1
8,1.64666E+12,1.64666E+12,0,74297,30,questionnaire-5uc8,,20146437,11759,5974527,,complete,,,computer,Desktop or Laptop,Windows 10,Chrome 99.0.4844.51,1280x720,1263x609,,Consent + Demographic Qs,5,elimination correct,distraction correct,Accept young,SNE,,,,,,,,,BA,,BA,,No,device,1
9,1.64666E+12,1.64666E+12,0,74297,30,questionnaire-5uc8,,20146437,11759,5974527,,complete,,,computer,Desktop or Laptop,Windows 10,Chrome 99.0.4844.51,1280x720,1263x609,,Consent + Demographic Qs,5,elimination correct,distraction correct,Accept young,SNE,,,,,,,,,BA,,BA,,No,consent,1
10,1.64666E+12,1.64666E+12,0,74297,30,questionnaire-5uc8,,20146437,11759,5974527,,complete,,,computer,Desktop or Laptop,Windows 10,Chrome 99.0.4844.51,1280x720,1263x609,,Consent + Demographic Qs,5,elimination correct,distraction correct,Accept young,SNE,,,,,,,,,BA,,BA,,No,END QUESTIONNAIRE,15411
1,1.64666E+12,1.64666E+12,0,74297,30,questionnaire-5uc8,,20146450,11751,5974532,,complete,,,computer,Desktop or Laptop,Windows 10,Chrome 98.0.4758.102,1536x864,1536x722,,Consent + Demographic Qs,5,elimination correct,distraction correct,Accept young,NSE,,,,,,,BA,BA,,,,,No,BEGIN QUESTIONNAIRE,
2,1.64666E+12,1.64666E+12,0,74297,30,questionnaire-5uc8,,20146450,11751,5974532,,complete,,,computer,Desktop or Laptop,Windows 10,Chrome 98.0.4758.102,1536x864,1519x722,,Consent + Demographic Qs,5,elimination correct,distraction correct,Accept young,NSE,,,,,,,BA,BA,,,,,No,Age,19
3,1.64666E+12,1.64666E+12,0,74297,30,questionnaire-5uc8,,20146450,11751,5974532,,complete,,,computer,Desktop or Laptop,Windows 10,Chrome 98.0.4758.102,1536x864,1519x722,,Consent + Demographic Qs,5,elimination correct,distraction correct,Accept young,NSE,,,,,,,BA,BA,,,,,No,Age-quantised,3
4,1.64666E+12,1.64666E+12,0,74297,30,questionnaire-5uc8,,20146450,11751,5974532,,complete,,,computer,Desktop or Laptop,Windows 10,Chrome 98.0.4758.102,1536x864,1519x722,,Consent + Demographic Qs,5,elimination correct,distraction correct,Accept young,NSE,,,,,,,BA,BA,,,,,No,Gender,Female
5,1.64666E+12,1.64666E+12,0,74297,30,questionnaire-5uc8,,20146450,11751,5974532,,complete,,,computer,Desktop or Laptop,Windows 10,Chrome 98.0.4758.102,1536x864,1519x722,,Consent + Demographic Qs,5,elimination correct,distraction correct,Accept young,NSE,,,,,,,BA,BA,,,,,No,Gender-quantised,2
6,1.64666E+12,1.64666E+12,0,74297,30,questionnaire-5uc8,,20146450,11751,5974532,,complete,,,computer,Desktop or Laptop,Windows 10,Chrome 98.0.4758.102,1536x864,1519x722,,Consent + Demographic Qs,5,elimination correct,distraction correct,Accept young,NSE,,,,,,,BA,BA,,,,,No,Gender-text,
7,1.64666E+12,1.64666E+12,0,74297,30,questionnaire-5uc8,,20146450,11751,5974532,,complete,,,computer,Desktop or Laptop,Windows 10,Chrome 98.0.4758.102,1536x864,1519x722,,Consent + Demographic Qs,5,elimination correct,distraction correct,Accept young,NSE,,,,,,,BA,BA,,,,,No,seizures,1
8,1.64666E+12,1.64666E+12,0,74297,30,questionnaire-5uc8,,20146450,11751,5974532,,complete,,,computer,Desktop or Laptop,Windows 10,Chrome 98.0.4758.102,1536x864,1519x722,,Consent + Demographic Qs,5,elimination correct,distraction correct,Accept young,NSE,,,,,,,BA,BA,,,,,No,device,1
9,1.64666E+12,1.64666E+12,0,74297,30,questionnaire-5uc8,,20146450,11751,5974532,,complete,,,computer,Desktop or Laptop,Windows 10,Chrome 98.0.4758.102,1536x864,1519x722,,Consent + Demographic Qs,5,elimination correct,distraction correct,Accept young,NSE,,,,,,,BA,BA,,,,,No,consent,1
10,1.64666E+12,1.64666E+12,0,74297,30,questionnaire-5uc8,,20146450,11751,5974532,,complete,,,computer,Desktop or Laptop,Windows 10,Chrome 98.0.4758.102,1536x864,1519x722,,Consent + Demographic Qs,5,elimination correct,distraction correct,Accept young,NSE,,,,,,,BA,BA,,,,,No,END QUESTIONNAIRE,18280
1,1.647E+12,1.647E+12,0,74297,30,questionnaire-5uc8,,20297443,11699,6020569,,complete,,,computer,Desktop or Laptop,Mac OS 10.15.7,Chrome 99.0.4844.51,1440x900,1440x821,,Consent + Demographic Qs,5,elimination correct,distraction correct,Accept young,ENS,,,,,,,,,,BA,,BA,No,BEGIN QUESTIONNAIRE,
2,1.647E+12,1.647E+12,0,74297,30,questionnaire-5uc8,,20297443,11699,6020569,,complete,,,computer,Desktop or Laptop,Mac OS 10.15.7,Chrome 99.0.4844.51,1440x900,1440x821,,Consent + Demographic Qs,5,elimination correct,distraction correct,Accept young,ENS,,,,,,,,,,BA,,BA,No,Age,19
3,1.647E+12,1.647E+12,0,74297,30,questionnaire-5uc8,,20297443,11699,6020569,,complete,,,computer,Desktop or Laptop,Mac OS 10.15.7,Chrome 99.0.4844.51,1440x900,1440x821,,Consent + Demographic Qs,5,elimination correct,distraction correct,Accept young,ENS,,,,,,,,,,BA,,BA,No,Age-quantised,3
4,1.647E+12,1.647E+12,0,74297,30,questionnaire-5uc8,,20297443,11699,6020569,,complete,,,computer,Desktop or Laptop,Mac OS 10.15.7,Chrome 99.0.4844.51,1440x900,1440x821,,Consent + Demographic Qs,5,elimination correct,distraction correct,Accept young,ENS,,,,,,,,,,BA,,BA,No,Gender,Female
5,1.647E+12,1.647E+12,0,74297,30,questionnaire-5uc8,,20297443,11699,6020569,,complete,,,computer,Desktop or Laptop,Mac OS 10.15.7,Chrome 99.0.4844.51,1440x900,1440x821,,Consent + Demographic Qs,5,elimination correct,distraction correct,Accept young,ENS,,,,,,,,,,BA,,BA,No,Gender-quantised,2
6,1.647E+12,1.647E+12,0,74297,30,questionnaire-5uc8,,20297443,11699,6020569,,complete,,,computer,Desktop or Laptop,Mac OS 10.15.7,Chrome 99.0.4844.51,1440x900,1440x821,,Consent + Demographic Qs,5,elimination correct,distraction correct,Accept young,ENS,,,,,,,,,,BA,,BA,No,Gender-text,
7,1.647E+12,1.647E+12,0,74297,30,questionnaire-5uc8,,20297443,11699,6020569,,complete,,,computer,Desktop or Laptop,Mac OS 10.15.7,Chrome 99.0.4844.51,1440x900,1440x821,,Consent + Demographic Qs,5,elimination correct,distraction correct,Accept young,ENS,,,,,,,,,,BA,,BA,No,seizures,1
8,1.647E+12,1.647E+12,0,74297,30,questionnaire-5uc8,,20297443,11699,6020569,,complete,,,computer,Desktop or Laptop,Mac OS 10.15.7,Chrome 99.0.4844.51,1440x900,1440x821,,Consent + Demographic Qs,5,elimination correct,distraction correct,Accept young,ENS,,,,,,,,,,BA,,BA,No,device,1
9,1.647E+12,1.647E+12,0,74297,30,questionnaire-5uc8,,20297443,11699,6020569,,complete,,,computer,Desktop or Laptop,Mac OS 10.15.7,Chrome 99.0.4844.51,1440x900,1440x821,,Consent + Demographic Qs,5,elimination correct,distraction correct,Accept young,ENS,,,,,,,,,,BA,,BA,No,consent,1
10,1.647E+12,1.647E+12,0,74297,30,questionnaire-5uc8,,20297443,11699,6020569,,complete,,,computer,Desktop or Laptop,Mac OS 10.15.7,Chrome 99.0.4844.51,1440x900,1440x821,,Consent + Demographic Qs,5,elimination correct,distraction correct,Accept young,ENS,,,,,,,,,,BA,,BA,No,END QUESTIONNAIRE,156176
1,1.64705E+12,1.64705E+12,0,74297,30,questionnaire-5uc8,,20315762,11726,6026267,,complete,,,computer,Desktop or Laptop,Mac OS 10.15.7,Chrome 98.0.4758.109,1440x900,1440x740,,Consent + Demographic Qs,5,elimination correct,distraction correct,Accept young,SNE,,,,,,,,,AB,,AB,,No,BEGIN QUESTIONNAIRE,
2,1.64705E+12,1.64705E+12,0,74297,30,questionnaire-5uc8,,20315762,11726,6026267,,complete,,,computer,Desktop or Laptop,Mac OS 10.15.7,Chrome 98.0.4758.109,1440x900,1440x740,,Consent + Demographic Qs,5,elimination correct,distraction correct,Accept young,SNE,,,,,,,,,AB,,AB,,No,Age,20
3,1.64705E+12,1.64705E+12,0,74297,30,questionnaire-5uc8,,20315762,11726,6026267,,complete,,,computer,Desktop or Laptop,Mac OS 10.15.7,Chrome 98.0.4758.109,1440x900,1440x740,,Consent + Demographic Qs,5,elimination correct,distraction correct,Accept young,SNE,,,,,,,,,AB,,AB,,No,Age-quantised,4
4,1.64705E+12,1.64705E+12,0,74297,30,questionnaire-5uc8,,20315762,11726,6026267,,complete,,,computer,Desktop or Laptop,Mac OS 10.15.7,Chrome 98.0.4758.109,1440x900,1440x740,,Consent + Demographic Qs,5,elimination correct,distraction correct,Accept young,SNE,,,,,,,,,AB,,AB,,No,Gender,Female
5,1.64705E+12,1.64705E+12,0,74297,30,questionnaire-5uc8,,20315762,11726,6026267,,complete,,,computer,Desktop or Laptop,Mac OS 10.15.7,Chrome 98.0.4758.109,1440x900,1440x740,,Consent + Demographic Qs,5,elimination correct,distraction correct,Accept young,SNE,,,,,,,,,AB,,AB,,No,Gender-quantised,2
6,1.64705E+12,1.64705E+12,0,74297,30,questionnaire-5uc8,,20315762,11726,6026267,,complete,,,computer,Desktop or Laptop,Mac OS 10.15.7,Chrome 98.0.4758.109,1440x900,1440x740,,Consent + Demographic Qs,5,elimination correct,distraction correct,Accept young,SNE,,,,,,,,,AB,,AB,,No,Gender-text,
7,1.64705E+12,1.64705E+12,0,74297,30,questionnaire-5uc8,,20315762,11726,6026267,,complete,,,computer,Desktop or Laptop,Mac OS 10.15.7,Chrome 98.0.4758.109,1440x900,1440x740,,Consent + Demographic Qs,5,elimination correct,distraction correct,Accept young,SNE,,,,,,,,,AB,,AB,,No,seizures,1
8,1.64705E+12,1.64705E+12,0,74297,30,questionnaire-5uc8,,20315762,11726,6026267,,complete,,,computer,Desktop or Laptop,Mac OS 10.15.7,Chrome 98.0.4758.109,1440x900,1440x740,,Consent + Demographic Qs,5,elimination correct,distraction correct,Accept young,SNE,,,,,,,,,AB,,AB,,No,device,1
9,1.64705E+12,1.64705E+12,0,74297,30,questionnaire-5uc8,,20315762,11726,6026267,,complete,,,computer,Desktop or Laptop,Mac OS 10.15.7,Chrome 98.0.4758.109,1440x900,1440x740,,Consent + Demographic Qs,5,elimination correct,distraction correct,Accept young,SNE,,,,,,,,,AB,,AB,,No,consent,1
10,1.64705E+12,1.64705E+12,0,74297,30,questionnaire-5uc8,,20315762,11726,6026267,,complete,,,computer,Desktop or Laptop,Mac OS 10.15.7,Chrome 98.0.4758.109,1440x900,1440x740,,Consent + Demographic Qs,5,elimination correct,distraction correct,Accept young,SNE,,,,,,,,,AB,,AB,,No,END QUESTIONNAIRE,11888
1,1.64713E+12,1.64713E+12,0,74297,30,questionnaire-5uc8,,20332262,11753,6030824,,complete,,,computer,Desktop or Laptop,Windows 10,Chrome 99.0.4844.51,1536x864,1536x746,,Consent + Demographic Qs,5,elimination correct,distraction correct,Accept young,NSE,,,,,,,AB,AB,,,,,No,BEGIN QUESTIONNAIRE,
2,1.64713E+12,1.64713E+12,0,74297,30,questionnaire-5uc8,,20332262,11753,6030824,,complete,,,computer,Desktop or Laptop,Windows 10,Chrome 99.0.4844.51,1536x864,1519x746,,Consent + Demographic Qs,5,elimination correct,distraction correct,Accept young,NSE,,,,,,,AB,AB,,,,,No,Age,20
3,1.64713E+12,1.64713E+12,0,74297,30,questionnaire-5uc8,,20332262,11753,6030824,,complete,,,computer,Desktop or Laptop,Windows 10,Chrome 99.0.4844.51,1536x864,1519x746,,Consent + Demographic Qs,5,elimination correct,distraction correct,Accept young,NSE,,,,,,,AB,AB,,,,,No,Age-quantised,4
4,1.64713E+12,1.64713E+12,0,74297,30,questionnaire-5uc8,,20332262,11753,6030824,,complete,,,computer,Desktop or Laptop,Windows 10,Chrome 99.0.4844.51,1536x864,1519x746,,Consent + Demographic Qs,5,elimination correct,distraction correct,Accept young,NSE,,,,,,,AB,AB,,,,,No,Gender,Male
5,1.64713E+12,1.64713E+12,0,74297,30,questionnaire-5uc8,,20332262,11753,6030824,,complete,,,computer,Desktop or Laptop,Windows 10,Chrome 99.0.4844.51,1536x864,1519x746,,Consent + Demographic Qs,5,elimination correct,distraction correct,Accept young,NSE,,,,,,,AB,AB,,,,,No,Gender-quantised,1
6,1.64713E+12,1.64713E+12,0,74297,30,questionnaire-5uc8,,20332262,11753,6030824,,complete,,,computer,Desktop or Laptop,Windows 10,Chrome 99.0.4844.51,1536x864,1519x746,,Consent + Demographic Qs,5,elimination correct,distraction correct,Accept young,NSE,,,,,,,AB,AB,,,,,No,Gender-text,
7,1.64713E+12,1.64713E+12,0,74297,30,questionnaire-5uc8,,20332262,11753,6030824,,complete,,,computer,Desktop or Laptop,Windows 10,Chrome 99.0.4844.51,1536x864,1519x746,,Consent + Demographic Qs,5,elimination correct,distraction correct,Accept young,NSE,,,,,,,AB,AB,,,,,No,seizures,1
8,1.64713E+12,1.64713E+12,0,74297,30,questionnaire-5uc8,,20332262,11753,6030824,,complete,,,computer,Desktop or Laptop,Windows 10,Chrome 99.0.4844.51,1536x864,1519x746,,Consent + Demographic Qs,5,elimination correct,distraction correct,Accept young,NSE,,,,,,,AB,AB,,,,,No,device,1
9,1.64713E+12,1.64713E+12,0,74297,30,questionnaire-5uc8,,20332262,11753,6030824,,complete,,,computer,Desktop or Laptop,Windows 10,Chrome 99.0.4844.51,1536x864,1519x746,,Consent + Demographic Qs,5,elimination correct,distraction correct,Accept young,NSE,,,,,,,AB,AB,,,,,No,consent,1
10,1.64713E+12,1.64713E+12,0,74297,30,questionnaire-5uc8,,20332262,11753,6030824,,complete,,,computer,Desktop or Laptop,Windows 10,Chrome 99.0.4844.51,1536x864,1519x746,,Consent + Demographic Qs,5,elimination correct,distraction correct,Accept young,NSE,,,,,,,AB,AB,,,,,No,END QUESTIONNAIRE,21152
1,1.64716E+12,1.64716E+12,0,74297,30,questionnaire-5uc8,,20335977,11766,6031610,,complete,,,computer,Desktop or Laptop,Windows 10,Chrome 99.0.4844.51,1504x1003,1367x818,,Consent + Demographic Qs,5,elimination correct,distraction correct,Accept young,ESN,AB,AB,,,,,,,,,,,No,BEGIN QUESTIONNAIRE,
2,1.64716E+12,1.64716E+12,0,74297,30,questionnaire-5uc8,,20335977,11766,6031610,,complete,,,computer,Desktop or Laptop,Windows 10,Chrome 99.0.4844.51,1504x1003,1352x818,,Consent + Demographic Qs,5,elimination correct,distraction correct,Accept young,ESN,AB,AB,,,,,,,,,,,No,Age,18
3,1.64716E+12,1.64716E+12,0,74297,30,questionnaire-5uc8,,20335977,11766,6031610,,complete,,,computer,Desktop or Laptop,Windows 10,Chrome 99.0.4844.51,1504x1003,1352x818,,Consent + Demographic Qs,5,elimination correct,distraction correct,Accept young,ESN,AB,AB,,,,,,,,,,,No,Age-quantised,2
4,1.64716E+12,1.64716E+12,0,74297,30,questionnaire-5uc8,,20335977,11766,6031610,,complete,,,computer,Desktop or Laptop,Windows 10,Chrome 99.0.4844.51,1504x1003,1352x818,,Consent + Demographic Qs,5,elimination correct,distraction correct,Accept young,ESN,AB,AB,,,,,,,,,,,No,Gender,Male
5,1.64716E+12,1.64716E+12,0,74297,30,questionnaire-5uc8,,20335977,11766,6031610,,complete,,,computer,Desktop or Laptop,Windows 10,Chrome 99.0.4844.51,1504x1003,1352x818,,Consent + Demographic Qs,5,elimination correct,distraction correct,Accept young,ESN,AB,AB,,,,,,,,,,,No,Gender-quantised,1
6,1.64716E+12,1.64716E+12,0,74297,30,questionnaire-5uc8,,20335977,11766,6031610,,complete,,,computer,Desktop or Laptop,Windows 10,Chrome 99.0.4844.51,1504x1003,1352x818,,Consent + Demographic Qs,5,elimination correct,distraction correct,Accept young,ESN,AB,AB,,,,,,,,,,,No,Gender-text,
7,1.64716E+12,1.64716E+12,0,74297,30,questionnaire-5uc8,,20335977,11766,6031610,,complete,,,computer,Desktop or Laptop,Windows 10,Chrome 99.0.4844.51,1504x1003,1352x818,,Consent + Demographic Qs,5,elimination correct,distraction correct,Accept young,ESN,AB,AB,,,,,,,,,,,No,seizures,1
8,1.64716E+12,1.64716E+12,0,74297,30,questionnaire-5uc8,,20335977,11766,6031610,,complete,,,computer,Desktop or Laptop,Windows 10,Chrome 99.0.4844.51,1504x1003,1352x818,,Consent + Demographic Qs,5,elimination correct,distraction correct,Accept young,ESN,AB,AB,,,,,,,,,,,No,device,1
9,1.64716E+12,1.64716E+12,0,74297,30,questionnaire-5uc8,,20335977,11766,6031610,,complete,,,computer,Desktop or Laptop,Windows 10,Chrome 99.0.4844.51,1504x1003,1352x818,,Consent + Demographic Qs,5,elimination correct,distraction correct,Accept young,ESN,AB,AB,,,,,,,,,,,No,consent,1
10,1.64716E+12,1.64716E+12,0,74297,30,questionnaire-5uc8,,20335977,11766,6031610,,complete,,,computer,Desktop or Laptop,Windows 10,Chrome 99.0.4844.51,1504x1003,1352x818,,Consent + Demographic Qs,5,elimination correct,distraction correct,Accept young,ESN,AB,AB,,,,,,,,,,,No,END QUESTIONNAIRE,10519
1,1.64728E+12,1.64728E+12,0,74297,30,questionnaire-5uc8,,20378271,11721,6043833,,complete,,,computer,Desktop or Laptop,Windows 10,Chrome 99.0.4844.51,1920x1080,1920x937,,Consent + Demographic Qs,5,elimination correct,distraction correct,Accept young,SEN,,,AB,AB,,,,,,,,,No,BEGIN QUESTIONNAIRE,
2,1.64728E+12,1.64728E+12,0,74297,30,questionnaire-5uc8,,20378271,11721,6043833,,complete,,,computer,Desktop or Laptop,Windows 10,Chrome 99.0.4844.51,1920x1080,1903x937,,Consent + Demographic Qs,5,elimination correct,distraction correct,Accept young,SEN,,,AB,AB,,,,,,,,,No,Age,19
3,1.64728E+12,1.64728E+12,0,74297,30,questionnaire-5uc8,,20378271,11721,6043833,,complete,,,computer,Desktop or Laptop,Windows 10,Chrome 99.0.4844.51,1920x1080,1903x937,,Consent + Demographic Qs,5,elimination correct,distraction correct,Accept young,SEN,,,AB,AB,,,,,,,,,No,Age-quantised,3
4,1.64728E+12,1.64728E+12,0,74297,30,questionnaire-5uc8,,20378271,11721,6043833,,complete,,,computer,Desktop or Laptop,Windows 10,Chrome 99.0.4844.51,1920x1080,1903x937,,Consent + Demographic Qs,5,elimination correct,distraction correct,Accept young,SEN,,,AB,AB,,,,,,,,,No,Gender,Male
5,1.64728E+12,1.64728E+12,0,74297,30,questionnaire-5uc8,,20378271,11721,6043833,,complete,,,computer,Desktop or Laptop,Windows 10,Chrome 99.0.4844.51,1920x1080,1903x937,,Consent + Demographic Qs,5,elimination correct,distraction correct,Accept young,SEN,,,AB,AB,,,,,,,,,No,Gender-quantised,1
6,1.64728E+12,1.64728E+12,0,74297,30,questionnaire-5uc8,,20378271,11721,6043833,,complete,,,computer,Desktop or Laptop,Windows 10,Chrome 99.0.4844.51,1920x1080,1903x937,,Consent + Demographic Qs,5,elimination correct,distraction correct,Accept young,SEN,,,AB,AB,,,,,,,,,No,Gender-text,
7,1.64728E+12,1.64728E+12,0,74297,30,questionnaire-5uc8,,20378271,11721,6043833,,complete,,,computer,Desktop or Laptop,Windows 10,Chrome 99.0.4844.51,1920x1080,1903x937,,Consent + Demographic Qs,5,elimination correct,distraction correct,Accept young,SEN,,,AB,AB,,,,,,,,,No,seizures,1
8,1.64728E+12,1.64728E+12,0,74297,30,questionnaire-5uc8,,20378271,11721,6043833,,complete,,,computer,Desktop or Laptop,Windows 10,Chrome 99.0.4844.51,1920x1080,1903x937,,Consent + Demographic Qs,5,elimination correct,distraction correct,Accept young,SEN,,,AB,AB,,,,,,,,,No,device,1
9,1.64728E+12,1.64728E+12,0,74297,30,questionnaire-5uc8,,20378271,11721,6043833,,complete,,,computer,Desktop or Laptop,Windows 10,Chrome 99.0.4844.51,1920x1080,1903x937,,Consent + Demographic Qs,5,elimination correct,distraction correct,Accept young,SEN,,,AB,AB,,,,,,,,,No,consent,1
10,1.64728E+12,1.64728E+12,0,74297,30,questionnaire-5uc8,,20378271,11721,6043833,,complete,,,computer,Desktop or Laptop,Windows 10,Chrome 99.0.4844.51,1920x1080,1903x937,,Consent + Demographic Qs,5,elimination correct,distraction correct,Accept young,SEN,,,AB,AB,,,,,,,,,No,END QUESTIONNAIRE,29609
1,1.6473E+12,1.6473E+12,0,74297,30,questionnaire-5uc8,,20387547,11768,6047614,,complete,,,computer,Desktop or Laptop,Mac OS 10.15.7,Chrome 99.0.4844.51,1440x900,1200x639,,Consent + Demographic Qs,5,elimination correct,distraction correct,Accept young,NES,,,,,BA,BA,,,,,,,No,BEGIN QUESTIONNAIRE,
2,1.6473E+12,1.6473E+12,0,74297,30,questionnaire-5uc8,,20387547,11768,6047614,,complete,,,computer,Desktop or Laptop,Mac OS 10.15.7,Chrome 99.0.4844.51,1440x900,1200x639,,Consent + Demographic Qs,5,elimination correct,distraction correct,Accept young,NES,,,,,BA,BA,,,,,,,No,Age,19
3,1.6473E+12,1.6473E+12,0,74297,30,questionnaire-5uc8,,20387547,11768,6047614,,complete,,,computer,Desktop or Laptop,Mac OS 10.15.7,Chrome 99.0.4844.51,1440x900,1200x639,,Consent + Demographic Qs,5,elimination correct,distraction correct,Accept young,NES,,,,,BA,BA,,,,,,,No,Age-quantised,3
4,1.6473E+12,1.6473E+12,0,74297,30,questionnaire-5uc8,,20387547,11768,6047614,,complete,,,computer,Desktop or Laptop,Mac OS 10.15.7,Chrome 99.0.4844.51,1440x900,1200x639,,Consent + Demographic Qs,5,elimination correct,distraction correct,Accept young,NES,,,,,BA,BA,,,,,,,No,Gender,Female
5,1.6473E+12,1.6473E+12,0,74297,30,questionnaire-5uc8,,20387547,11768,6047614,,complete,,,computer,Desktop or Laptop,Mac OS 10.15.7,Chrome 99.0.4844.51,1440x900,1200x639,,Consent + Demographic Qs,5,elimination correct,distraction correct,Accept young,NES,,,,,BA,BA,,,,,,,No,Gender-quantised,2
6,1.6473E+12,1.6473E+12,0,74297,30,questionnaire-5uc8,,20387547,11768,6047614,,complete,,,computer,Desktop or Laptop,Mac OS 10.15.7,Chrome 99.0.4844.51,1440x900,1200x639,,Consent + Demographic Qs,5,elimination correct,distraction correct,Accept young,NES,,,,,BA,BA,,,,,,,No,Gender-text,
7,1.6473E+12,1.6473E+12,0,74297,30,questionnaire-5uc8,,20387547,11768,6047614,,complete,,,computer,Desktop or Laptop,Mac OS 10.15.7,Chrome 99.0.4844.51,1440x900,1200x639,,Consent + Demographic Qs,5,elimination correct,distraction correct,Accept young,NES,,,,,BA,BA,,,,,,,No,seizures,1
8,1.6473E+12,1.6473E+12,0,74297,30,questionnaire-5uc8,,20387547,11768,6047614,,complete,,,computer,Desktop or Laptop,Mac OS 10.15.7,Chrome 99.0.4844.51,1440x900,1200x639,,Consent + Demographic Qs,5,elimination correct,distraction correct,Accept young,NES,,,,,BA,BA,,,,,,,No,device,1
9,1.6473E+12,1.6473E+12,0,74297,30,questionnaire-5uc8,,20387547,11768,6047614,,complete,,,computer,Desktop or Laptop,Mac OS 10.15.7,Chrome 99.0.4844.51,1440x900,1200x639,,Consent + Demographic Qs,5,elimination correct,distraction correct,Accept young,NES,,,,,BA,BA,,,,,,,No,consent,1
10,1.6473E+12,1.6473E+12,0,74297,30,questionnaire-5uc8,,20387547,11768,6047614,,complete,,,computer,Desktop or Laptop,Mac OS 10.15.7,Chrome 99.0.4844.51,1440x900,1200x639,,Consent + Demographic Qs,5,elimination correct,distraction correct,Accept young,NES,,,,,BA,BA,,,,,,,No,END QUESTIONNAIRE,11780
1,1.64734E+12,1.64734E+12,0,74297,30,questionnaire-5uc8,,20395042,11710,6050808,,complete,,,computer,Desktop or Laptop,Windows 10,Chrome 99.0.4844.51,1280x720,1280x577,,Consent + Demographic Qs,5,elimination correct,distraction correct,Accept young,SNE,,,,,,,,,BA,,BA,,No,BEGIN QUESTIONNAIRE,
2,1.64734E+12,1.64734E+12,0,74297,30,questionnaire-5uc8,,20395042,11710,6050808,,complete,,,computer,Desktop or Laptop,Windows 10,Chrome 99.0.4844.51,1280x720,1263x577,,Consent + Demographic Qs,5,elimination correct,distraction correct,Accept young,SNE,,,,,,,,,BA,,BA,,No,Age,19
3,1.64734E+12,1.64734E+12,0,74297,30,questionnaire-5uc8,,20395042,11710,6050808,,complete,,,computer,Desktop or Laptop,Windows 10,Chrome 99.0.4844.51,1280x720,1263x577,,Consent + Demographic Qs,5,elimination correct,distraction correct,Accept young,SNE,,,,,,,,,BA,,BA,,No,Age-quantised,3
4,1.64734E+12,1.64734E+12,0,74297,30,questionnaire-5uc8,,20395042,11710,6050808,,complete,,,computer,Desktop or Laptop,Windows 10,Chrome 99.0.4844.51,1280x720,1263x577,,Consent + Demographic Qs,5,elimination correct,distraction correct,Accept young,SNE,,,,,,,,,BA,,BA,,No,Gender,Female
5,1.64734E+12,1.64734E+12,0,74297,30,questionnaire-5uc8,,20395042,11710,6050808,,complete,,,computer,Desktop or Laptop,Windows 10,Chrome 99.0.4844.51,1280x720,1263x577,,Consent + Demographic Qs,5,elimination correct,distraction correct,Accept young,SNE,,,,,,,,,BA,,BA,,No,Gender-quantised,2
6,1.64734E+12,1.64734E+12,0,74297,30,questionnaire-5uc8,,20395042,11710,6050808,,complete,,,computer,Desktop or Laptop,Windows 10,Chrome 99.0.4844.51,1280x720,1263x577,,Consent + Demographic Qs,5,elimination correct,distraction correct,Accept young,SNE,,,,,,,,,BA,,BA,,No,Gender-text,
7,1.64734E+12,1.64734E+12,0,74297,30,questionnaire-5uc8,,20395042,11710,6050808,,complete,,,computer,Desktop or Laptop,Windows 10,Chrome 99.0.4844.51,1280x720,1263x577,,Consent + Demographic Qs,5,elimination correct,distraction correct,Accept young,SNE,,,,,,,,,BA,,BA,,No,seizures,1
8,1.64734E+12,1.64734E+12,0,74297,30,questionnaire-5uc8,,20395042,11710,6050808,,complete,,,computer,Desktop or Laptop,Windows 10,Chrome 99.0.4844.51,1280x720,1263x577,,Consent + Demographic Qs,5,elimination correct,distraction correct,Accept young,SNE,,,,,,,,,BA,,BA,,No,device,1
9,1.64734E+12,1.64734E+12,0,74297,30,questionnaire-5uc8,,20395042,11710,6050808,,complete,,,computer,Desktop or Laptop,Windows 10,Chrome 99.0.4844.51,1280x720,1263x577,,Consent + Demographic Qs,5,elimination correct,distraction correct,Accept young,SNE,,,,,,,,,BA,,BA,,No,consent,1
10,1.64734E+12,1.64734E+12,0,74297,30,questionnaire-5uc8,,20395042,11710,6050808,,complete,,,computer,Desktop or Laptop,Windows 10,Chrome 99.0.4844.51,1280x720,1263x577,,Consent + Demographic Qs,5,elimination correct,distraction correct,Accept young,SNE,,,,,,,,,BA,,BA,,No,END QUESTIONNAIRE,31424
1,1.64736E+12,1.64736E+12,0,74297,30,questionnaire-5uc8,,20407610,11695,6054173,,complete,,,computer,Desktop or Laptop,Windows 10,Chrome 98.0.4758.102,1500x1000,1500x792,,Consent + Demographic Qs,5,elimination correct,distraction correct,Accept young,ENS,,,,,,,,,,BA,,BA,No,BEGIN QUESTIONNAIRE,
2,1.64736E+12,1.64736E+12,0,74297,30,questionnaire-5uc8,,20407610,11695,6054173,,complete,,,computer,Desktop or Laptop,Windows 10,Chrome 98.0.4758.102,1500x1000,1483x792,,Consent + Demographic Qs,5,elimination correct,distraction correct,Accept young,ENS,,,,,,,,,,BA,,BA,No,Age,18
3,1.64736E+12,1.64736E+12,0,74297,30,questionnaire-5uc8,,20407610,11695,6054173,,complete,,,computer,Desktop or Laptop,Windows 10,Chrome 98.0.4758.102,1500x1000,1483x792,,Consent + Demographic Qs,5,elimination correct,distraction correct,Accept young,ENS,,,,,,,,,,BA,,BA,No,Age-quantised,2
4,1.64736E+12,1.64736E+12,0,74297,30,questionnaire-5uc8,,20407610,11695,6054173,,complete,,,computer,Desktop or Laptop,Windows 10,Chrome 98.0.4758.102,1500x1000,1483x792,,Consent + Demographic Qs,5,elimination correct,distraction correct,Accept young,ENS,,,,,,,,,,BA,,BA,No,Gender,Female
5,1.64736E+12,1.64736E+12,0,74297,30,questionnaire-5uc8,,20407610,11695,6054173,,complete,,,computer,Desktop or Laptop,Windows 10,Chrome 98.0.4758.102,1500x1000,1483x792,,Consent + Demographic Qs,5,elimination correct,distraction correct,Accept young,ENS,,,,,,,,,,BA,,BA,No,Gender-quantised,2
6,1.64736E+12,1.64736E+12,0,74297,30,questionnaire-5uc8,,20407610,11695,6054173,,complete,,,computer,Desktop or Laptop,Windows 10,Chrome 98.0.4758.102,1500x1000,1483x792,,Consent + Demographic Qs,5,elimination correct,distraction correct,Accept young,ENS,,,,,,,,,,BA,,BA,No,Gender-text,
7,1.64736E+12,1.64736E+12,0,74297,30,questionnaire-5uc8,,20407610,11695,6054173,,complete,,,computer,Desktop or Laptop,Windows 10,Chrome 98.0.4758.102,1500x1000,1483x792,,Consent + Demographic Qs,5,elimination correct,distraction correct,Accept young,ENS,,,,,,,,,,BA,,BA,No,seizures,1
8,1.64736E+12,1.64736E+12,0,74297,30,questionnaire-5uc8,,20407610,11695,6054173,,complete,,,computer,Desktop or Laptop,Windows 10,Chrome 98.0.4758.102,1500x1000,1483x792,,Consent + Demographic Qs,5,elimination correct,distraction correct,Accept young,ENS,,,,,,,,,,BA,,BA,No,device,1
9,1.64736E+12,1.64736E+12,0,74297,30,questionnaire-5uc8,,20407610,11695,6054173,,complete,,,computer,Desktop or Laptop,Windows 10,Chrome 98.0.4758.102,1500x1000,1483x792,,Consent + Demographic Qs,5,elimination correct,distraction correct,Accept young,ENS,,,,,,,,,,BA,,BA,No,consent,1
10,1.64736E+12,1.64736E+12,0,74297,30,questionnaire-5uc8,,20407610,11695,6054173,,complete,,,computer,Desktop or Laptop,Windows 10,Chrome 98.0.4758.102,1500x1000,1483x792,,Consent + Demographic Qs,5,elimination correct,distraction correct,Accept young,ENS,,,,,,,,,,BA,,BA,No,END QUESTIONNAIRE,59349
1,1.64736E+12,1.64736E+12,0,74297,30,questionnaire-5uc8,,20411527,11701,6055086,,complete,,,computer,Desktop or Laptop,Mac OS 10.15.7,Chrome 99.0.4844.51,1440x900,1440x821,,Consent + Demographic Qs,5,elimination correct,distraction correct,Accept young,NSE,,,,,,,BA,BA,,,,,No,BEGIN QUESTIONNAIRE,
2,1.64736E+12,1.64736E+12,0,74297,30,questionnaire-5uc8,,20411527,11701,6055086,,complete,,,computer,Desktop or Laptop,Mac OS 10.15.7,Chrome 99.0.4844.51,1440x900,1440x821,,Consent + Demographic Qs,5,elimination correct,distraction correct,Accept young,NSE,,,,,,,BA,BA,,,,,No,Age,19
3,1.64736E+12,1.64736E+12,0,74297,30,questionnaire-5uc8,,20411527,11701,6055086,,complete,,,computer,Desktop or Laptop,Mac OS 10.15.7,Chrome 99.0.4844.51,1440x900,1440x821,,Consent + Demographic Qs,5,elimination correct,distraction correct,Accept young,NSE,,,,,,,BA,BA,,,,,No,Age-quantised,3
4,1.64736E+12,1.64736E+12,0,74297,30,questionnaire-5uc8,,20411527,11701,6055086,,complete,,,computer,Desktop or Laptop,Mac OS 10.15.7,Chrome 99.0.4844.51,1440x900,1440x821,,Consent + Demographic Qs,5,elimination correct,distraction correct,Accept young,NSE,,,,,,,BA,BA,,,,,No,Gender,Female
5,1.64736E+12,1.64736E+12,0,74297,30,questionnaire-5uc8,,20411527,11701,6055086,,complete,,,computer,Desktop or Laptop,Mac OS 10.15.7,Chrome 99.0.4844.51,1440x900,1440x821,,Consent + Demographic Qs,5,elimination correct,distraction correct,Accept young,NSE,,,,,,,BA,BA,,,,,No,Gender-quantised,2
6,1.64736E+12,1.64736E+12,0,74297,30,questionnaire-5uc8,,20411527,11701,6055086,,complete,,,computer,Desktop or Laptop,Mac OS 10.15.7,Chrome 99.0.4844.51,1440x900,1440x821,,Consent + Demographic Qs,5,elimination correct,distraction correct,Accept young,NSE,,,,,,,BA,BA,,,,,No,Gender-text,
7,1.64736E+12,1.64736E+12,0,74297,30,questionnaire-5uc8,,20411527,11701,6055086,,complete,,,computer,Desktop or Laptop,Mac OS 10.15.7,Chrome 99.0.4844.51,1440x900,1440x821,,Consent + Demographic Qs,5,elimination correct,distraction correct,Accept young,NSE,,,,,,,BA,BA,,,,,No,seizures,1
8,1.64736E+12,1.64736E+12,0,74297,30,questionnaire-5uc8,,20411527,11701,6055086,,complete,,,computer,Desktop or Laptop,Mac OS 10.15.7,Chrome 99.0.4844.51,1440x900,1440x821,,Consent + Demographic Qs,5,elimination correct,distraction correct,Accept young,NSE,,,,,,,BA,BA,,,,,No,device,1
9,1.64736E+12,1.64736E+12,0,74297,30,questionnaire-5uc8,,20411527,11701,6055086,,complete,,,computer,Desktop or Laptop,Mac OS 10.15.7,Chrome 99.0.4844.51,1440x900,1440x821,,Consent + Demographic Qs,5,elimination correct,distraction correct,Accept young,NSE,,,,,,,BA,BA,,,,,No,consent,1
10,1.64736E+12,1.64736E+12,0,74297,30,questionnaire-5uc8,,20411527,11701,6055086,,complete,,,computer,Desktop or Laptop,Mac OS 10.15.7,Chrome 99.0.4844.51,1440x900,1440x821,,Consent + Demographic Qs,5,elimination correct,distraction correct,Accept young,NSE,,,,,,,BA,BA,,,,,No,END QUESTIONNAIRE,17649
1,1.64736E+12,1.64736E+12,0,74297,30,questionnaire-5uc8,,20412730,11698],6055404,,complete,,,computer,Desktop or Laptop,Windows 10,Chrome 99.0.4844.51,1128x752,1037x606,,Consent + Demographic Qs,5,elimination correct,distraction correct,Accept young,ESN,BA,BA,,,,,,,,,,,No,BEGIN QUESTIONNAIRE,
2,1.64736E+12,1.64736E+12,0,74297,30,questionnaire-5uc8,,20412730,11698],6055404,,complete,,,computer,Desktop or Laptop,Windows 10,Chrome 99.0.4844.51,1128x752,1020x606,,Consent + Demographic Qs,5,elimination correct,distraction correct,Accept young,ESN,BA,BA,,,,,,,,,,,No,Age,18
3,1.64736E+12,1.64736E+12,0,74297,30,questionnaire-5uc8,,20412730,11698],6055404,,complete,,,computer,Desktop or Laptop,Windows 10,Chrome 99.0.4844.51,1128x752,1020x606,,Consent + Demographic Qs,5,elimination correct,distraction correct,Accept young,ESN,BA,BA,,,,,,,,,,,No,Age-quantised,2
4,1.64736E+12,1.64736E+12,0,74297,30,questionnaire-5uc8,,20412730,11698],6055404,,complete,,,computer,Desktop or Laptop,Windows 10,Chrome 99.0.4844.51,1128x752,1020x606,,Consent + Demographic Qs,5,elimination correct,distraction correct,Accept young,ESN,BA,BA,,,,,,,,,,,No,Gender,Female
5,1.64736E+12,1.64736E+12,0,74297,30,questionnaire-5uc8,,20412730,11698],6055404,,complete,,,computer,Desktop or Laptop,Windows 10,Chrome 99.0.4844.51,1128x752,1020x606,,Consent + Demographic Qs,5,elimination correct,distraction correct,Accept young,ESN,BA,BA,,,,,,,,,,,No,Gender-quantised,2
6,1.64736E+12,1.64736E+12,0,74297,30,questionnaire-5uc8,,20412730,11698],6055404,,complete,,,computer,Desktop or Laptop,Windows 10,Chrome 99.0.4844.51,1128x752,1020x606,,Consent + Demographic Qs,5,elimination correct,distraction correct,Accept young,ESN,BA,BA,,,,,,,,,,,No,Gender-text,
7,1.64736E+12,1.64736E+12,0,74297,30,questionnaire-5uc8,,20412730,11698],6055404,,complete,,,computer,Desktop or Laptop,Windows 10,Chrome 99.0.4844.51,1128x752,1020x606,,Consent + Demographic Qs,5,elimination correct,distraction correct,Accept young,ESN,BA,BA,,,,,,,,,,,No,seizures,1
8,1.64736E+12,1.64736E+12,0,74297,30,questionnaire-5uc8,,20412730,11698],6055404,,complete,,,computer,Desktop or Laptop,Windows 10,Chrome 99.0.4844.51,1128x752,1020x606,,Consent + Demographic Qs,5,elimination correct,distraction correct,Accept young,ESN,BA,BA,,,,,,,,,,,No,device,1
9,1.64736E+12,1.64736E+12,0,74297,30,questionnaire-5uc8,,20412730,11698],6055404,,complete,,,computer,Desktop or Laptop,Windows 10,Chrome 99.0.4844.51,1128x752,1020x606,,Consent + Demographic Qs,5,elimination correct,distraction correct,Accept young,ESN,BA,BA,,,,,,,,,,,No,consent,1
10,1.64736E+12,1.64736E+12,0,74297,30,questionnaire-5uc8,,20412730,11698],6055404,,complete,,,computer,Desktop or Laptop,Windows 10,Chrome 99.0.4844.51,1128x752,1020x606,,Consent + Demographic Qs,5,elimination correct,distraction correct,Accept young,ESN,BA,BA,,,,,,,,,,,No,END QUESTIONNAIRE,14682
1,1.64737E+12,1.64737E+12,0,74297,30,questionnaire-5uc8,,20424677,11715,6057715,,complete,,,computer,Desktop or Laptop,Windows 10,Chrome 99.0.4844.51,1280x720,1280x601,,Consent + Demographic Qs,5,elimination correct,distraction correct,Accept young,SEN,,,BA,BA,,,,,,,,,No,BEGIN QUESTIONNAIRE,
2,1.64737E+12,1.64737E+12,0,74297,30,questionnaire-5uc8,,20424677,11715,6057715,,complete,,,computer,Desktop or Laptop,Windows 10,Chrome 99.0.4844.51,1280x720,1263x601,,Consent + Demographic Qs,5,elimination correct,distraction correct,Accept young,SEN,,,BA,BA,,,,,,,,,No,Age,18
3,1.64737E+12,1.64737E+12,0,74297,30,questionnaire-5uc8,,20424677,11715,6057715,,complete,,,computer,Desktop or Laptop,Windows 10,Chrome 99.0.4844.51,1280x720,1263x601,,Consent + Demographic Qs,5,elimination correct,distraction correct,Accept young,SEN,,,BA,BA,,,,,,,,,No,Age-quantised,2
4,1.64737E+12,1.64737E+12,0,74297,30,questionnaire-5uc8,,20424677,11715,6057715,,complete,,,computer,Desktop or Laptop,Windows 10,Chrome 99.0.4844.51,1280x720,1263x601,,Consent + Demographic Qs,5,elimination correct,distraction correct,Accept young,SEN,,,BA,BA,,,,,,,,,No,Gender,"If your gender is not specified in this list, please specify it here:"
5,1.64737E+12,1.64737E+12,0,74297,30,questionnaire-5uc8,,20424677,11715,6057715,,complete,,,computer,Desktop or Laptop,Windows 10,Chrome 99.0.4844.51,1280x720,1263x601,,Consent + Demographic Qs,5,elimination correct,distraction correct,Accept young,SEN,,,BA,BA,,,,,,,,,No,Gender-text,Non-binary
6,1.64737E+12,1.64737E+12,0,74297,30,questionnaire-5uc8,,20424677,11715,6057715,,complete,,,computer,Desktop or Laptop,Windows 10,Chrome 99.0.4844.51,1280x720,1263x601,,Consent + Demographic Qs,5,elimination correct,distraction correct,Accept young,SEN,,,BA,BA,,,,,,,,,No,seizures,1
7,1.64737E+12,1.64737E+12,0,74297,30,questionnaire-5uc8,,20424677,11715,6057715,,complete,,,computer,Desktop or Laptop,Windows 10,Chrome 99.0.4844.51,1280x720,1263x601,,Consent + Demographic Qs,5,elimination correct,distraction correct,Accept young,SEN,,,BA,BA,,,,,,,,,No,device,1
8,1.64737E+12,1.64737E+12,0,74297,30,questionnaire-5uc8,,20424677,11715,6057715,,complete,,,computer,Desktop or Laptop,Windows 10,Chrome 99.0.4844.51,1280x720,1263x601,,Consent + Demographic Qs,5,elimination correct,distraction correct,Accept young,SEN,,,BA,BA,,,,,,,,,No,consent,1
9,1.64737E+12,1.64737E+12,0,74297,30,questionnaire-5uc8,,20424677,11715,6057715,,complete,,,computer,Desktop or Laptop,Windows 10,Chrome 99.0.4844.51,1280x720,1263x601,,Consent + Demographic Qs,5,elimination correct,distraction correct,Accept young,SEN,,,BA,BA,,,,,,,,,No,END QUESTIONNAIRE,19052
1,1.64753E+12,1.64753E+12,0,74297,30,questionnaire-5uc8,,20503419,11688,6081903,,complete,,,computer,Desktop or Laptop,Mac OS 10.15.7,Chrome 98.0.4758.109,1440x900,1440x769,,Consent + Demographic Qs,5,elimination correct,distraction correct,Accept young,NSE,,,,,,,AB,AB,,,,,No,BEGIN QUESTIONNAIRE,
2,1.64753E+12,1.64753E+12,0,74297,30,questionnaire-5uc8,,20503419,11688,6081903,,complete,,,computer,Desktop or Laptop,Mac OS 10.15.7,Chrome 98.0.4758.109,1440x900,1440x821,,Consent + Demographic Qs,5,elimination correct,distraction correct,Accept young,NSE,,,,,,,AB,AB,,,,,No,Age,19
3,1.64753E+12,1.64753E+12,0,74297,30,questionnaire-5uc8,,20503419,11688,6081903,,complete,,,computer,Desktop or Laptop,Mac OS 10.15.7,Chrome 98.0.4758.109,1440x900,1440x821,,Consent + Demographic Qs,5,elimination correct,distraction correct,Accept young,NSE,,,,,,,AB,AB,,,,,No,Age-quantised,3
4,1.64753E+12,1.64753E+12,0,74297,30,questionnaire-5uc8,,20503419,11688,6081903,,complete,,,computer,Desktop or Laptop,Mac OS 10.15.7,Chrome 98.0.4758.109,1440x900,1440x821,,Consent + Demographic Qs,5,elimination correct,distraction correct,Accept young,NSE,,,,,,,AB,AB,,,,,No,Gender,Female
5,1.64753E+12,1.64753E+12,0,74297,30,questionnaire-5uc8,,20503419,11688,6081903,,complete,,,computer,Desktop or Laptop,Mac OS 10.15.7,Chrome 98.0.4758.109,1440x900,1440x821,,Consent + Demographic Qs,5,elimination correct,distraction correct,Accept young,NSE,,,,,,,AB,AB,,,,,No,Gender-quantised,2
6,1.64753E+12,1.64753E+12,0,74297,30,questionnaire-5uc8,,20503419,11688,6081903,,complete,,,computer,Desktop or Laptop,Mac OS 10.15.7,Chrome 98.0.4758.109,1440x900,1440x821,,Consent + Demographic Qs,5,elimination correct,distraction correct,Accept young,NSE,,,,,,,AB,AB,,,,,No,Gender-text,
7,1.64753E+12,1.64753E+12,0,74297,30,questionnaire-5uc8,,20503419,11688,6081903,,complete,,,computer,Desktop or Laptop,Mac OS 10.15.7,Chrome 98.0.4758.109,1440x900,1440x821,,Consent + Demographic Qs,5,elimination correct,distraction correct,Accept young,NSE,,,,,,,AB,AB,,,,,No,seizures,1
8,1.64753E+12,1.64753E+12,0,74297,30,questionnaire-5uc8,,20503419,11688,6081903,,complete,,,computer,Desktop or Laptop,Mac OS 10.15.7,Chrome 98.0.4758.109,1440x900,1440x821,,Consent + Demographic Qs,5,elimination correct,distraction correct,Accept young,NSE,,,,,,,AB,AB,,,,,No,device,1
9,1.64753E+12,1.64753E+12,0,74297,30,questionnaire-5uc8,,20503419,11688,6081903,,complete,,,computer,Desktop or Laptop,Mac OS 10.15.7,Chrome 98.0.4758.109,1440x900,1440x821,,Consent + Demographic Qs,5,elimination correct,distraction correct,Accept young,NSE,,,,,,,AB,AB,,,,,No,consent,1
10,1.64753E+12,1.64753E+12,0,74297,30,questionnaire-5uc8,,20503419,11688,6081903,,complete,,,computer,Desktop or Laptop,Mac OS 10.15.7,Chrome 98.0.4758.109,1440x900,1440x821,,Consent + Demographic Qs,5,elimination correct,distraction correct,Accept young,NSE,,,,,,,AB,AB,,,,,No,END QUESTIONNAIRE,24298
1,1.64759E+12,1.64759E+12,0,74297,30,questionnaire-5uc8,,20521790,11702,6086199,,complete,,,computer,Desktop or Laptop,Windows 10,Chrome 99.0.4844.74,1280x720,1280x601,,Consent + Demographic Qs,5,elimination correct,distraction correct,Accept young,SEN,,,AB,AB,,,,,,,,,No,BEGIN QUESTIONNAIRE,
2,1.64759E+12,1.64759E+12,0,74297,30,questionnaire-5uc8,,20521790,11702,6086199,,complete,,,computer,Desktop or Laptop,Windows 10,Chrome 99.0.4844.74,1280x720,1263x601,,Consent + Demographic Qs,5,elimination correct,distraction correct,Accept young,SEN,,,AB,AB,,,,,,,,,No,Age,18
3,1.64759E+12,1.64759E+12,0,74297,30,questionnaire-5uc8,,20521790,11702,6086199,,complete,,,computer,Desktop or Laptop,Windows 10,Chrome 99.0.4844.74,1280x720,1263x601,,Consent + Demographic Qs,5,elimination correct,distraction correct,Accept young,SEN,,,AB,AB,,,,,,,,,No,Age-quantised,2
4,1.64759E+12,1.64759E+12,0,74297,30,questionnaire-5uc8,,20521790,11702,6086199,,complete,,,computer,Desktop or Laptop,Windows 10,Chrome 99.0.4844.74,1280x720,1263x601,,Consent + Demographic Qs,5,elimination correct,distraction correct,Accept young,SEN,,,AB,AB,,,,,,,,,No,Gender,Female
5,1.64759E+12,1.64759E+12,0,74297,30,questionnaire-5uc8,,20521790,11702,6086199,,complete,,,computer,Desktop or Laptop,Windows 10,Chrome 99.0.4844.74,1280x720,1263x601,,Consent + Demographic Qs,5,elimination correct,distraction correct,Accept young,SEN,,,AB,AB,,,,,,,,,No,Gender-quantised,2
6,1.64759E+12,1.64759E+12,0,74297,30,questionnaire-5uc8,,20521790,11702,6086199,,complete,,,computer,Desktop or Laptop,Windows 10,Chrome 99.0.4844.74,1280x720,1263x601,,Consent + Demographic Qs,5,elimination correct,distraction correct,Accept young,SEN,,,AB,AB,,,,,,,,,No,Gender-text,
7,1.64759E+12,1.64759E+12,0,74297,30,questionnaire-5uc8,,20521790,11702,6086199,,complete,,,computer,Desktop or Laptop,Windows 10,Chrome 99.0.4844.74,1280x720,1263x601,,Consent + Demographic Qs,5,elimination correct,distraction correct,Accept young,SEN,,,AB,AB,,,,,,,,,No,seizures,1
8,1.64759E+12,1.64759E+12,0,74297,30,questionnaire-5uc8,,20521790,11702,6086199,,complete,,,computer,Desktop or Laptop,Windows 10,Chrome 99.0.4844.74,1280x720,1263x601,,Consent + Demographic Qs,5,elimination correct,distraction correct,Accept young,SEN,,,AB,AB,,,,,,,,,No,device,1
9,1.64759E+12,1.64759E+12,0,74297,30,questionnaire-5uc8,,20521790,11702,6086199,,complete,,,computer,Desktop or Laptop,Windows 10,Chrome 99.0.4844.74,1280x720,1263x601,,Consent + Demographic Qs,5,elimination correct,distraction correct,Accept young,SEN,,,AB,AB,,,,,,,,,No,consent,1
10,1.64759E+12,1.64759E+12,0,74297,30,questionnaire-5uc8,,20521790,11702,6086199,,complete,,,computer,Desktop or Laptop,Windows 10,Chrome 99.0.4844.74,1280x720,1263x601,,Consent + Demographic Qs,5,elimination correct,distraction correct,Accept young,SEN,,,AB,AB,,,,,,,,,No,END QUESTIONNAIRE,34493
1,1.64762E+12,1.64762E+12,0,74297,30,questionnaire-5uc8,,20534041,11760,6089196,,complete,,,computer,Desktop or Laptop,Windows 10,Chrome 99.0.4844.74,1366x768,1366x617,,Consent + Demographic Qs,5,elimination correct,distraction correct,Accept young,ENS,,,,,,,,,,AB,,AB,No,BEGIN QUESTIONNAIRE,
2,1.64762E+12,1.64762E+12,0,74297,30,questionnaire-5uc8,,20534041,11760,6089196,,complete,,,computer,Desktop or Laptop,Windows 10,Chrome 99.0.4844.74,1366x768,1349x617,,Consent + Demographic Qs,5,elimination correct,distraction correct,Accept young,ENS,,,,,,,,,,AB,,AB,No,Age,18
3,1.64762E+12,1.64762E+12,0,74297,30,questionnaire-5uc8,,20534041,11760,6089196,,complete,,,computer,Desktop or Laptop,Windows 10,Chrome 99.0.4844.74,1366x768,1349x617,,Consent + Demographic Qs,5,elimination correct,distraction correct,Accept young,ENS,,,,,,,,,,AB,,AB,No,Age-quantised,2
4,1.64762E+12,1.64762E+12,0,74297,30,questionnaire-5uc8,,20534041,11760,6089196,,complete,,,computer,Desktop or Laptop,Windows 10,Chrome 99.0.4844.74,1366x768,1349x617,,Consent + Demographic Qs,5,elimination correct,distraction correct,Accept young,ENS,,,,,,,,,,AB,,AB,No,Gender,Female
5,1.64762E+12,1.64762E+12,0,74297,30,questionnaire-5uc8,,20534041,11760,6089196,,complete,,,computer,Desktop or Laptop,Windows 10,Chrome 99.0.4844.74,1366x768,1349x617,,Consent + Demographic Qs,5,elimination correct,distraction correct,Accept young,ENS,,,,,,,,,,AB,,AB,No,Gender-quantised,2
6,1.64762E+12,1.64762E+12,0,74297,30,questionnaire-5uc8,,20534041,11760,6089196,,complete,,,computer,Desktop or Laptop,Windows 10,Chrome 99.0.4844.74,1366x768,1349x617,,Consent + Demographic Qs,5,elimination correct,distraction correct,Accept young,ENS,,,,,,,,,,AB,,AB,No,Gender-text,
7,1.64762E+12,1.64762E+12,0,74297,30,questionnaire-5uc8,,20534041,11760,6089196,,complete,,,computer,Desktop or Laptop,Windows 10,Chrome 99.0.4844.74,1366x768,1349x617,,Consent + Demographic Qs,5,elimination correct,distraction correct,Accept young,ENS,,,,,,,,,,AB,,AB,No,seizures,1
8,1.64762E+12,1.64762E+12,0,74297,30,questionnaire-5uc8,,20534041,11760,6089196,,complete,,,computer,Desktop or Laptop,Windows 10,Chrome 99.0.4844.74,1366x768,1349x617,,Consent + Demographic Qs,5,elimination correct,distraction correct,Accept young,ENS,,,,,,,,,,AB,,AB,No,device,1
9,1.64762E+12,1.64762E+12,0,74297,30,questionnaire-5uc8,,20534041,11760,6089196,,complete,,,computer,Desktop or Laptop,Windows 10,Chrome 99.0.4844.74,1366x768,1349x617,,Consent + Demographic Qs,5,elimination correct,distraction correct,Accept young,ENS,,,,,,,,,,AB,,AB,No,consent,1
10,1.64762E+12,1.64762E+12,0,74297,30,questionnaire-5uc8,,20534041,11760,6089196,,complete,,,computer,Desktop or Laptop,Windows 10,Chrome 99.0.4844.74,1366x768,1349x617,,Consent + Demographic Qs,5,elimination correct,distraction correct,Accept young,ENS,,,,,,,,,,AB,,AB,No,END QUESTIONNAIRE,31377
1,1.64771E+12,1.64771E+12,0,74297,30,questionnaire-5uc8,,20562153,11722,6096174,,complete,,,computer,Desktop or Laptop,Windows 10,Chrome 99.0.4844.74,1366x768,1366x625,,Consent + Demographic Qs,5,elimination correct,distraction correct,Accept young,NES,,,,,AB,AB,,,,,,,No,BEGIN QUESTIONNAIRE,
2,1.64771E+12,1.64771E+12,0,74297,30,questionnaire-5uc8,,20562153,11722,6096174,,complete,,,computer,Desktop or Laptop,Windows 10,Chrome 99.0.4844.74,1366x768,1349x625,,Consent + Demographic Qs,5,elimination correct,distraction correct,Accept young,NES,,,,,AB,AB,,,,,,,No,Age,18
3,1.64771E+12,1.64771E+12,0,74297,30,questionnaire-5uc8,,20562153,11722,6096174,,complete,,,computer,Desktop or Laptop,Windows 10,Chrome 99.0.4844.74,1366x768,1349x625,,Consent + Demographic Qs,5,elimination correct,distraction correct,Accept young,NES,,,,,AB,AB,,,,,,,No,Age-quantised,2
4,1.64771E+12,1.64771E+12,0,74297,30,questionnaire-5uc8,,20562153,11722,6096174,,complete,,,computer,Desktop or Laptop,Windows 10,Chrome 99.0.4844.74,1366x768,1349x625,,Consent + Demographic Qs,5,elimination correct,distraction correct,Accept young,NES,,,,,AB,AB,,,,,,,No,Gender,Male
5,1.64771E+12,1.64771E+12,0,74297,30,questionnaire-5uc8,,20562153,11722,6096174,,complete,,,computer,Desktop or Laptop,Windows 10,Chrome 99.0.4844.74,1366x768,1349x625,,Consent + Demographic Qs,5,elimination correct,distraction correct,Accept young,NES,,,,,AB,AB,,,,,,,No,Gender-quantised,1
6,1.64771E+12,1.64771E+12,0,74297,30,questionnaire-5uc8,,20562153,11722,6096174,,complete,,,computer,Desktop or Laptop,Windows 10,Chrome 99.0.4844.74,1366x768,1349x625,,Consent + Demographic Qs,5,elimination correct,distraction correct,Accept young,NES,,,,,AB,AB,,,,,,,No,Gender-text,
7,1.64771E+12,1.64771E+12,0,74297,30,questionnaire-5uc8,,20562153,11722,6096174,,complete,,,computer,Desktop or Laptop,Windows 10,Chrome 99.0.4844.74,1366x768,1349x625,,Consent + Demographic Qs,5,elimination correct,distraction correct,Accept young,NES,,,,,AB,AB,,,,,,,No,seizures,1
8,1.64771E+12,1.64771E+12,0,74297,30,questionnaire-5uc8,,20562153,11722,6096174,,complete,,,computer,Desktop or Laptop,Windows 10,Chrome 99.0.4844.74,1366x768,1349x625,,Consent + Demographic Qs,5,elimination correct,distraction correct,Accept young,NES,,,,,AB,AB,,,,,,,No,device,1
9,1.64771E+12,1.64771E+12,0,74297,30,questionnaire-5uc8,,20562153,11722,6096174,,complete,,,computer,Desktop or Laptop,Windows 10,Chrome 99.0.4844.74,1366x768,1349x625,,Consent + Demographic Qs,5,elimination correct,distraction correct,Accept young,NES,,,,,AB,AB,,,,,,,No,consent,1
10,1.64771E+12,1.64771E+12,0,74297,30,questionnaire-5uc8,,20562153,11722,6096174,,complete,,,computer,Desktop or Laptop,Windows 10,Chrome 99.0.4844.74,1366x768,1349x625,,Consent + Demographic Qs,5,elimination correct,distraction correct,Accept young,NES,,,,,AB,AB,,,,,,,No,END QUESTIONNAIRE,21757
1,1.64779E+12,1.64779E+12,0,74297,30,questionnaire-5uc8,,20579402,11700,6099951,,complete,,,computer,Desktop or Laptop,Mac OS 10.15.7,Chrome 98.0.4758.80,1440x900,1440x821,,Consent + Demographic Qs,5,elimination correct,distraction correct,Accept young,SNE,,,,,,,,,AB,,AB,,No,BEGIN QUESTIONNAIRE,
2,1.64779E+12,1.64779E+12,0,74297,30,questionnaire-5uc8,,20579402,11700,6099951,,complete,,,computer,Desktop or Laptop,Mac OS 10.15.7,Chrome 98.0.4758.80,1440x900,1440x821,,Consent + Demographic Qs,5,elimination correct,distraction correct,Accept young,SNE,,,,,,,,,AB,,AB,,No,Age,18
3,1.64779E+12,1.64779E+12,0,74297,30,questionnaire-5uc8,,20579402,11700,6099951,,complete,,,computer,Desktop or Laptop,Mac OS 10.15.7,Chrome 98.0.4758.80,1440x900,1440x821,,Consent + Demographic Qs,5,elimination correct,distraction correct,Accept young,SNE,,,,,,,,,AB,,AB,,No,Age-quantised,2
4,1.64779E+12,1.64779E+12,0,74297,30,questionnaire-5uc8,,20579402,11700,6099951,,complete,,,computer,Desktop or Laptop,Mac OS 10.15.7,Chrome 98.0.4758.80,1440x900,1440x821,,Consent + Demographic Qs,5,elimination correct,distraction correct,Accept young,SNE,,,,,,,,,AB,,AB,,No,Gender,Female
5,1.64779E+12,1.64779E+12,0,74297,30,questionnaire-5uc8,,20579402,11700,6099951,,complete,,,computer,Desktop or Laptop,Mac OS 10.15.7,Chrome 98.0.4758.80,1440x900,1440x821,,Consent + Demographic Qs,5,elimination correct,distraction correct,Accept young,SNE,,,,,,,,,AB,,AB,,No,Gender-quantised,2
6,1.64779E+12,1.64779E+12,0,74297,30,questionnaire-5uc8,,20579402,11700,6099951,,complete,,,computer,Desktop or Laptop,Mac OS 10.15.7,Chrome 98.0.4758.80,1440x900,1440x821,,Consent + Demographic Qs,5,elimination correct,distraction correct,Accept young,SNE,,,,,,,,,AB,,AB,,No,Gender-text,
7,1.64779E+12,1.64779E+12,0,74297,30,questionnaire-5uc8,,20579402,11700,6099951,,complete,,,computer,Desktop or Laptop,Mac OS 10.15.7,Chrome 98.0.4758.80,1440x900,1440x821,,Consent + Demographic Qs,5,elimination correct,distraction correct,Accept young,SNE,,,,,,,,,AB,,AB,,No,seizures,1
8,1.64779E+12,1.64779E+12,0,74297,30,questionnaire-5uc8,,20579402,11700,6099951,,complete,,,computer,Desktop or Laptop,Mac OS 10.15.7,Chrome 98.0.4758.80,1440x900,1440x821,,Consent + Demographic Qs,5,elimination correct,distraction correct,Accept young,SNE,,,,,,,,,AB,,AB,,No,device,1
9,1.64779E+12,1.64779E+12,0,74297,30,questionnaire-5uc8,,20579402,11700,6099951,,complete,,,computer,Desktop or Laptop,Mac OS 10.15.7,Chrome 98.0.4758.80,1440x900,1440x821,,Consent + Demographic Qs,5,elimination correct,distraction correct,Accept young,SNE,,,,,,,,,AB,,AB,,No,consent,1
10,1.64779E+12,1.64779E+12,0,74297,30,questionnaire-5uc8,,20579402,11700,6099951,,complete,,,computer,Desktop or Laptop,Mac OS 10.15.7,Chrome 98.0.4758.80,1440x900,1440x821,,Consent + Demographic Qs,5,elimination correct,distraction correct,Accept young,SNE,,,,,,,,,AB,,AB,,No,END QUESTIONNAIRE,14373
END OF FILE,,,,,,,,,,,,,,,,,,,,,,,,,,,,,,,,,,,,,,,,,,