"","PID","status","counterbalance","blockorderA1","blockorderA2","blockorderB2","blockorderB1","condition_1","Zone.Type","ratings","condition_2"
"294",8203394,"complete","CounterbalanceB",NA,NA,"ABC","CAB","SingleNT_2","response_slider_endValue","0","single 216"
"366",8203394,"complete","CounterbalanceB",NA,NA,"ABC","CAB","SingleNT_2","response_slider_endValue","0","single 16"
"665",8219174,"complete","CounterbalanceB",NA,NA,"ABC","CAB","SingleNT_2","response_slider_endValue","8","single 216"
"737",8219174,"complete","CounterbalanceB",NA,NA,"ABC","CAB","SingleNT_2","response_slider_endValue","8","single 16"
"811",8213570,"complete","CounterbalanceB",NA,NA,"BCA","ABC","SingleNT_2","response_slider_endValue","4","single 16"
"1107",8213570,"complete","CounterbalanceB",NA,NA,"BCA","ABC","SingleNT_2","response_slider_endValue","-7","single 216"
"1181",8213565,"complete","CounterbalanceB",NA,NA,"CAB","BCA","SingleNT_2","response_slider_endValue","-3","single 16"
"1477",8213565,"complete","CounterbalanceB",NA,NA,"CAB","BCA","SingleNT_2","response_slider_endValue","-9","single 216"
"1788",8212018,"complete","CounterbalanceB",NA,NA,"ABC","CAB","SingleNT_2","response_slider_endValue","3","single 216"
"1860",8212018,"complete","CounterbalanceB",NA,NA,"ABC","CAB","SingleNT_2","response_slider_endValue","7","single 16"
"1934",8212004,"complete","CounterbalanceB",NA,NA,"CAB","BCA","SingleNT_2","response_slider_endValue","1","single 16"
"2230",8212004,"complete","CounterbalanceB",NA,NA,"CAB","BCA","SingleNT_2","response_slider_endValue","-4","single 216"
"2528",8211957,"complete","CounterbalanceB",NA,NA,"BCA","ABC","SingleNT_2","response_slider_endValue","-9","single 216"
"2600",8211957,"complete","CounterbalanceB",NA,NA,"BCA","ABC","SingleNT_2","response_slider_endValue","1","single 16"
"2674",8211913,"complete","CounterbalanceB",NA,NA,"ABC","BCA","SingleNT_2","response_slider_endValue","-3","single 16"
"2970",8211913,"complete","CounterbalanceB",NA,NA,"ABC","BCA","SingleNT_2","response_slider_endValue","-9","single 216"
"3044",8204361,"complete","CounterbalanceB",NA,NA,"BCA","BCA","SingleNT_2","response_slider_endValue","4","single 16"
"3340",8204361,"complete","CounterbalanceB",NA,NA,"BCA","BCA","SingleNT_2","response_slider_endValue","5","single 216"
"3414",8204029,"complete","CounterbalanceB",NA,NA,"ABC","ABC","SingleNT_2","response_slider_endValue","0","single 16"
"3710",8204029,"complete","CounterbalanceB",NA,NA,"ABC","ABC","SingleNT_2","response_slider_endValue","0","single 216"
"4008",8203523,"complete","CounterbalanceB",NA,NA,"CAB","BCA","SingleNT_2","response_slider_endValue","-7","single 216"
"4080",8203523,"complete","CounterbalanceB",NA,NA,"CAB","BCA","SingleNT_2","response_slider_endValue","4","single 16"
"4378",8203415,"complete","CounterbalanceB",NA,NA,"BCA","ABC","SingleNT_2","response_slider_endValue","-5","single 216"
"4450",8203415,"complete","CounterbalanceB",NA,NA,"BCA","ABC","SingleNT_2","response_slider_endValue","-2","single 16"
"4748",8203372,"complete","CounterbalanceB",NA,NA,"BCA","ABC","SingleNT_2","response_slider_endValue","-7","single 216"
"4820",8203372,"complete","CounterbalanceB",NA,NA,"BCA","ABC","SingleNT_2","response_slider_endValue","2","single 16"
"4894",8203381,"complete","CounterbalanceB",NA,NA,"CAB","BCA","SingleNT_2","response_slider_endValue","0","single 16"
"5190",8203381,"complete","CounterbalanceB",NA,NA,"CAB","BCA","SingleNT_2","response_slider_endValue","0","single 216"
"5264",8186219,"complete","CounterbalanceB",NA,NA,"ABC","CAB","SingleNT_2","response_slider_endValue","10","single 16"
"5560",8186219,"complete","CounterbalanceB",NA,NA,"ABC","CAB","SingleNT_2","response_slider_endValue","-5","single 216"
"5858",8185697,"complete","CounterbalanceB",NA,NA,"BCA","ABC","SingleNT_2","response_slider_endValue","6","single 216"
"5930",8185697,"complete","CounterbalanceB",NA,NA,"BCA","ABC","SingleNT_2","response_slider_endValue","5","single 16"
"6004",8185751,"complete","CounterbalanceB",NA,NA,"CAB","BCA","SingleNT_2","response_slider_endValue","8","single 16"
"6300",8185751,"complete","CounterbalanceB",NA,NA,"CAB","BCA","SingleNT_2","response_slider_endValue","8","single 216"
"6598",8185507,"complete","CounterbalanceB",NA,NA,"CAB","BCA","SingleNT_2","response_slider_endValue","-7","single 216"
"6670",8185507,"complete","CounterbalanceB",NA,NA,"CAB","BCA","SingleNT_2","response_slider_endValue","6","single 16"
"6744",8185527,"complete","CounterbalanceB",NA,NA,"ABC","CAB","SingleNT_2","response_slider_endValue","6","single 16"
"7040",8185527,"complete","CounterbalanceB",NA,NA,"ABC","CAB","SingleNT_2","response_slider_endValue","6","single 216"
"7338",8185386,"complete","CounterbalanceB",NA,NA,"BCA","ABC","SingleNT_2","response_slider_endValue","-8","single 216"
"7410",8185386,"complete","CounterbalanceB",NA,NA,"BCA","ABC","SingleNT_2","response_slider_endValue","8","single 16"
"7708",8185381,"complete","CounterbalanceB",NA,NA,"ABC","CAB","SingleNT_2","response_slider_endValue","-9","single 216"
"7780",8185381,"complete","CounterbalanceB",NA,NA,"ABC","CAB","SingleNT_2","response_slider_endValue","5","single 16"
"7854",8178858,"complete","CounterbalanceB",NA,NA,"BCA","ABC","SingleNT_2","response_slider_endValue","-2","single 16"
"8150",8178858,"complete","CounterbalanceB",NA,NA,"BCA","ABC","SingleNT_2","response_slider_endValue","-6","single 216"
"8448",8178022,"complete","CounterbalanceB",NA,NA,"ABC","CAB","SingleNT_2","response_slider_endValue","7","single 216"
"8520",8178022,"complete","CounterbalanceB",NA,NA,"ABC","CAB","SingleNT_2","response_slider_endValue","5","single 16"
"8594",8177488,"complete","CounterbalanceB",NA,NA,"BCA","ABC","SingleNT_2","response_slider_endValue","4","single 16"
"8890",8177488,"complete","CounterbalanceB",NA,NA,"BCA","ABC","SingleNT_2","response_slider_endValue","-9","single 216"
"8964",8177190,"complete","CounterbalanceB",NA,NA,"CAB","ABC","SingleNT_2","response_slider_endValue","-4","single 16"
"9260",8177190,"complete","CounterbalanceB",NA,NA,"CAB","ABC","SingleNT_2","response_slider_endValue","0","single 216"
"9334",8177230,"complete","CounterbalanceB",NA,NA,"ABC","BCA","SingleNT_2","response_slider_endValue","2","single 16"
"9630",8177230,"complete","CounterbalanceB",NA,NA,"ABC","BCA","SingleNT_2","response_slider_endValue","-9","single 216"
"9704",8177111,"complete","CounterbalanceB",NA,NA,"BCA","CAB","SingleNT_2","response_slider_endValue","7","single 16"
"10000",8177111,"complete","CounterbalanceB",NA,NA,"BCA","CAB","SingleNT_2","response_slider_endValue","-9","single 216"
"10298",8204854,"complete","CounterbalanceB",NA,NA,"CAB","CAB","SingleNT_2","response_slider_endValue","-10","single 216"
"10370",8204854,"complete","CounterbalanceB",NA,NA,"CAB","CAB","SingleNT_2","response_slider_endValue","1","single 16"
"10668",8177084,"complete","CounterbalanceB",NA,NA,"ABC","BCA","SingleNT_2","response_slider_endValue","-4","single 216"
"10740",8177084,"complete","CounterbalanceB",NA,NA,"ABC","BCA","SingleNT_2","response_slider_endValue","2","single 16"
"70",8177230,"complete","CounterbalanceB",NA,NA,"ABC","BCA","SingleNT","response_slider_endValue","-5","single 16"
"3661",8177230,"complete","CounterbalanceB",NA,NA,"ABC","BCA","SingleNT","response_slider_endValue","-9","single 216"
"664",8185697,"complete","CounterbalanceB",NA,NA,"BCA","ABC","SingleNT","response_slider_endValue","4","single 216"
"736",8185697,"complete","CounterbalanceB",NA,NA,"BCA","ABC","SingleNT","response_slider_endValue","7","single 16"
"1034",8211913,"complete","CounterbalanceB",NA,NA,"ABC","BCA","SingleNT","response_slider_endValue","-8","single 216"
"1106",8211913,"complete","CounterbalanceB",NA,NA,"ABC","BCA","SingleNT","response_slider_endValue","2","single 16"
"1180",8219174,"complete","CounterbalanceB",NA,NA,"ABC","CAB","SingleNT","response_slider_endValue","8","single 16"
"1476",8219174,"complete","CounterbalanceB",NA,NA,"ABC","CAB","SingleNT","response_slider_endValue","-3","single 216"
"1774",8213565,"complete","CounterbalanceB",NA,NA,"CAB","BCA","SingleNT","response_slider_endValue","-7","single 216"
"1846",8213565,"complete","CounterbalanceB",NA,NA,"CAB","BCA","SingleNT","response_slider_endValue","-4","single 16"
"2144",8212018,"complete","CounterbalanceB",NA,NA,"ABC","CAB","SingleNT","response_slider_endValue","6","single 216"
"2216",8212018,"complete","CounterbalanceB",NA,NA,"ABC","CAB","SingleNT","response_slider_endValue","4","single 16"
"2514",8212004,"complete","CounterbalanceB",NA,NA,"CAB","BCA","SingleNT","response_slider_endValue","-6","single 216"
"2586",8212004,"complete","CounterbalanceB",NA,NA,"CAB","BCA","SingleNT","response_slider_endValue","4","single 16"
"2884",8211957,"complete","CounterbalanceB",NA,NA,"BCA","ABC","SingleNT","response_slider_endValue","1","single 216"
"2956",8211957,"complete","CounterbalanceB",NA,NA,"BCA","ABC","SingleNT","response_slider_endValue","3","single 16"
"3254",8204854,"complete","CounterbalanceB",NA,NA,"CAB","CAB","SingleNT","response_slider_endValue","-7","single 216"
"3326",8204854,"complete","CounterbalanceB",NA,NA,"CAB","CAB","SingleNT","response_slider_endValue","1","single 16"
"3400",8204361,"complete","CounterbalanceB",NA,NA,"BCA","BCA","SingleNT","response_slider_endValue","-2","single 16"
"3696",8204361,"complete","CounterbalanceB",NA,NA,"BCA","BCA","SingleNT","response_slider_endValue","3","single 216"
"3994",8204029,"complete","CounterbalanceB",NA,NA,"ABC","ABC","SingleNT","response_slider_endValue","-4","single 216"
"4066",8204029,"complete","CounterbalanceB",NA,NA,"ABC","ABC","SingleNT","response_slider_endValue","7","single 16"
"4140",8203394,"complete","CounterbalanceB",NA,NA,"ABC","CAB","SingleNT","response_slider_endValue","1","single 16"
"4436",8203394,"complete","CounterbalanceB",NA,NA,"ABC","CAB","SingleNT","response_slider_endValue","-2","single 216"
"4510",8203415,"complete","CounterbalanceB",NA,NA,"BCA","ABC","SingleNT","response_slider_endValue","7","single 16"
"4806",8203415,"complete","CounterbalanceB",NA,NA,"BCA","ABC","SingleNT","response_slider_endValue","-5","single 216"
"5104",8203381,"complete","CounterbalanceB",NA,NA,"CAB","BCA","SingleNT","response_slider_endValue","0","single 216"
"5176",8203381,"complete","CounterbalanceB",NA,NA,"CAB","BCA","SingleNT","response_slider_endValue","0","single 16"
"5250",8203372,"complete","CounterbalanceB",NA,NA,"BCA","ABC","SingleNT","response_slider_endValue","2","single 16"
"5546",8203372,"complete","CounterbalanceB",NA,NA,"BCA","ABC","SingleNT","response_slider_endValue","-9","single 216"
"5844",8185751,"complete","CounterbalanceB",NA,NA,"CAB","BCA","SingleNT","response_slider_endValue","8","single 216"
"5916",8185751,"complete","CounterbalanceB",NA,NA,"CAB","BCA","SingleNT","response_slider_endValue","7","single 16"
"6214",8185527,"complete","CounterbalanceB",NA,NA,"ABC","CAB","SingleNT","response_slider_endValue","5","single 216"
"6286",8185527,"complete","CounterbalanceB",NA,NA,"ABC","CAB","SingleNT","response_slider_endValue","5","single 16"
"6584",8185507,"complete","CounterbalanceB",NA,NA,"CAB","BCA","SingleNT","response_slider_endValue","-5","single 216"
"6656",8185507,"complete","CounterbalanceB",NA,NA,"CAB","BCA","SingleNT","response_slider_endValue","10","single 16"
"6954",8185381,"complete","CounterbalanceB",NA,NA,"ABC","CAB","SingleNT","response_slider_endValue","-9","single 216"
"7026",8185381,"complete","CounterbalanceB",NA,NA,"ABC","CAB","SingleNT","response_slider_endValue","3","single 16"
"7100",8185386,"complete","CounterbalanceB",NA,NA,"BCA","ABC","SingleNT","response_slider_endValue","1","single 16"
"7396",8185386,"complete","CounterbalanceB",NA,NA,"BCA","ABC","SingleNT","response_slider_endValue","-6","single 216"
"7694",8178858,"complete","CounterbalanceB",NA,NA,"BCA","ABC","SingleNT","response_slider_endValue","-5","single 216"
"7766",8178858,"complete","CounterbalanceB",NA,NA,"BCA","ABC","SingleNT","response_slider_endValue","5","single 16"
"7840",8178022,"complete","CounterbalanceB",NA,NA,"ABC","CAB","SingleNT","response_slider_endValue","6","single 16"
"8136",8178022,"complete","CounterbalanceB",NA,NA,"ABC","CAB","SingleNT","response_slider_endValue","4","single 216"
"8210",8177488,"complete","CounterbalanceB",NA,NA,"BCA","ABC","SingleNT","response_slider_endValue","-2","single 16"
"8506",8177488,"complete","CounterbalanceB",NA,NA,"BCA","ABC","SingleNT","response_slider_endValue","-9","single 216"
"8804",8177084,"complete","CounterbalanceB",NA,NA,"ABC","BCA","SingleNT","response_slider_endValue","-6","single 216"
"8876",8177084,"complete","CounterbalanceB",NA,NA,"ABC","BCA","SingleNT","response_slider_endValue","2","single 16"
"9174",8177190,"complete","CounterbalanceB",NA,NA,"CAB","ABC","SingleNT","response_slider_endValue","4","single 216"
"9246",8177190,"complete","CounterbalanceB",NA,NA,"CAB","ABC","SingleNT","response_slider_endValue","3","single 16"
"9544",8177111,"complete","CounterbalanceB",NA,NA,"BCA","CAB","SingleNT","response_slider_endValue","-9","single 216"
"9616",8177111,"complete","CounterbalanceB",NA,NA,"BCA","CAB","SingleNT","response_slider_endValue","3","single 16"
"9690",8213570,"complete","CounterbalanceB",NA,NA,"BCA","ABC","SingleNT","response_slider_endValue","2","single 16"
"9986",8213570,"complete","CounterbalanceB",NA,NA,"BCA","ABC","SingleNT","response_slider_endValue","-4","single 216"
"10284",8203523,"complete","CounterbalanceB",NA,NA,"CAB","BCA","SingleNT","response_slider_endValue","-5","single 216"
"10356",8203523,"complete","CounterbalanceB",NA,NA,"CAB","BCA","SingleNT","response_slider_endValue","1","single 16"
"10430",8186219,"complete","CounterbalanceB",NA,NA,"ABC","CAB","SingleNT","response_slider_endValue","0","single 16"
"10726",8186219,"complete","CounterbalanceB",NA,NA,"ABC","CAB","SingleNT","response_slider_endValue","-9","single 216"
"2941",8185378,"complete","CounterbalanceA","ABC","ABC",NA,NA,"SingleNT","response_slider_endValue","-8","single 216"
"3662",8185378,"complete","CounterbalanceA","ABC","ABC",NA,NA,"SingleNT","response_slider_endValue","2","single 16"
"6641",8213666,"complete","CounterbalanceA","CAB","CAB",NA,NA,"SingleNT","response_slider_endValue","2","single 216"
"7361",8213666,"complete","CounterbalanceA","CAB","CAB",NA,NA,"SingleNT","response_slider_endValue","7","single 16"
"810",8213635,"complete","CounterbalanceA","BCA","BCA",NA,NA,"SingleNT","response_slider_endValue","5","single 16"
"11061",8213635,"complete","CounterbalanceA","BCA","BCA",NA,NA,"SingleNT","response_slider_endValue","-9","single 216"
"1404",8213551,"complete","CounterbalanceA","ABC","ABC",NA,NA,"SingleNT","response_slider_endValue","-9","single 216"
"14761",8213551,"complete","CounterbalanceA","ABC","ABC",NA,NA,"SingleNT","response_slider_endValue","-3","single 16"
"17741",8211926,"complete","CounterbalanceA","ABC","BCA",NA,NA,"SingleNT","response_slider_endValue","2","single 216"
"18461",8211926,"complete","CounterbalanceA","ABC","BCA",NA,NA,"SingleNT","response_slider_endValue","0","single 16"
"21441",8212009,"complete","CounterbalanceA","BCA","ABC",NA,NA,"SingleNT","response_slider_endValue","1","single 216"
"22161",8212009,"complete","CounterbalanceA","BCA","ABC",NA,NA,"SingleNT","response_slider_endValue","-1","single 16"
"2290",8211906,"complete","CounterbalanceA","BCA","CAB",NA,NA,"SingleNT","response_slider_endValue","0","single 16"
"25861",8211906,"complete","CounterbalanceA","BCA","CAB",NA,NA,"SingleNT","response_slider_endValue","-5","single 216"
"28841",8211903,"complete","CounterbalanceA","CAB","BCA",NA,NA,"SingleNT","response_slider_endValue","10","single 216"
"29561",8211903,"complete","CounterbalanceA","CAB","BCA",NA,NA,"SingleNT","response_slider_endValue","5","single 16"
"3030",8204347,"complete","CounterbalanceA","BCA","ABC",NA,NA,"SingleNT","response_slider_endValue","3","single 16"
"33261",8204347,"complete","CounterbalanceA","BCA","ABC",NA,NA,"SingleNT","response_slider_endValue","-9","single 216"
"3624",8203772,"complete","CounterbalanceA","ABC","CAB",NA,NA,"SingleNT","response_slider_endValue","-5","single 216"
"36961",8203772,"complete","CounterbalanceA","ABC","CAB",NA,NA,"SingleNT","response_slider_endValue","5","single 16"
"39941",8203567,"complete","CounterbalanceA","BCA","BCA",NA,NA,"SingleNT","response_slider_endValue","-2","single 216"
"40661",8203567,"complete","CounterbalanceA","BCA","BCA",NA,NA,"SingleNT","response_slider_endValue","-4","single 16"
"41401",8203378,"complete","CounterbalanceA","ABC","CAB",NA,NA,"SingleNT","response_slider_endValue","-3","single 16"
"44361",8203378,"complete","CounterbalanceA","ABC","CAB",NA,NA,"SingleNT","response_slider_endValue","0","single 216"
"4734",8203404,"complete","CounterbalanceA","BCA","ABC",NA,NA,"SingleNT","response_slider_endValue","-8","single 216"
"48061",8203404,"complete","CounterbalanceA","BCA","ABC",NA,NA,"SingleNT","response_slider_endValue","7","single 16"
"51041",8185960,"complete","CounterbalanceA","CAB","BCA",NA,NA,"SingleNT","response_slider_endValue","8","single 216"
"51761",8185960,"complete","CounterbalanceA","CAB","BCA",NA,NA,"SingleNT","response_slider_endValue","7","single 16"
"5474",8185777,"complete","CounterbalanceA","BCA","ABC",NA,NA,"SingleNT","response_slider_endValue","-9","single 216"
"55461",8185777,"complete","CounterbalanceA","BCA","ABC",NA,NA,"SingleNT","response_slider_endValue","1","single 16"
"5620",8185508,"complete","CounterbalanceA","CAB","CAB",NA,NA,"SingleNT","response_slider_endValue","6","single 16"
"59161",8185508,"complete","CounterbalanceA","CAB","CAB",NA,NA,"SingleNT","response_slider_endValue","-8","single 216"
"62141",8185412,"complete","CounterbalanceA","BCA","BCA",NA,NA,"SingleNT","response_slider_endValue","3","single 216"
"62861",8185412,"complete","CounterbalanceA","BCA","BCA",NA,NA,"SingleNT","response_slider_endValue","-2","single 16"
"65841",8185359,"complete","CounterbalanceA","BCA","BCA",NA,NA,"SingleNT","response_slider_endValue","-9","single 216"
"66561",8185359,"complete","CounterbalanceA","BCA","BCA",NA,NA,"SingleNT","response_slider_endValue","1","single 16"
"69541",8185373,"complete","CounterbalanceA","CAB","CAB",NA,NA,"SingleNT","response_slider_endValue","-6","single 216"
"70261",8185373,"complete","CounterbalanceA","CAB","CAB",NA,NA,"SingleNT","response_slider_endValue","-4","single 16"
"7324",8178671,"complete","CounterbalanceA","ABC","ABC",NA,NA,"SingleNT","response_slider_endValue","-5","single 216"
"73961",8178671,"complete","CounterbalanceA","ABC","ABC",NA,NA,"SingleNT","response_slider_endValue","2","single 16"
"7470",8177485,"complete","CounterbalanceA","ABC","CAB",NA,NA,"SingleNT","response_slider_endValue","0","single 16"
"77661",8177485,"complete","CounterbalanceA","ABC","CAB",NA,NA,"SingleNT","response_slider_endValue","0","single 216"
"8064",8177410,"complete","CounterbalanceA","BCA","BCA",NA,NA,"SingleNT","response_slider_endValue","-4","single 216"
"81361",8177410,"complete","CounterbalanceA","BCA","BCA",NA,NA,"SingleNT","response_slider_endValue","-1","single 16"
"8434",8177146,"complete","CounterbalanceA","ABC","ABC",NA,NA,"SingleNT","response_slider_endValue","-9","single 216"
"85061",8177146,"complete","CounterbalanceA","ABC","ABC",NA,NA,"SingleNT","response_slider_endValue","-8","single 16"
"88041",8177036,"complete","CounterbalanceA","ABC","ABC",NA,NA,"SingleNT","response_slider_endValue","-4","single 216"
"88761",8177036,"complete","CounterbalanceA","ABC","ABC",NA,NA,"SingleNT","response_slider_endValue","5","single 16"
"91741",8177131,"complete","CounterbalanceA","CAB","CAB",NA,NA,"SingleNT","response_slider_endValue","4","single 216"
"92461",8177131,"complete","CounterbalanceA","CAB","CAB",NA,NA,"SingleNT","response_slider_endValue","8","single 16"
"95441",8177042,"complete","CounterbalanceA","BCA","BCA",NA,NA,"SingleNT","response_slider_endValue","9","single 216"
"96161",8177042,"complete","CounterbalanceA","BCA","BCA",NA,NA,"SingleNT","response_slider_endValue","8","single 16"
"270",8212009,"complete","CounterbalanceA","BCA","ABC",NA,NA,"Empty_2","response_slider_endValue","1","empty 216"
"342",8212009,"complete","CounterbalanceA","BCA","ABC",NA,NA,"Empty_2","response_slider_endValue","2","empty 16"
"616",8213666,"complete","CounterbalanceA","CAB","CAB",NA,NA,"Empty_2","response_slider_endValue","-8","empty 216"
"688",8213666,"complete","CounterbalanceA","CAB","CAB",NA,NA,"Empty_2","response_slider_endValue","5","empty 16"
"962",8211926,"complete","CounterbalanceA","ABC","BCA",NA,NA,"Empty_2","response_slider_endValue","3","empty 216"
"10341",8211926,"complete","CounterbalanceA","ABC","BCA",NA,NA,"Empty_2","response_slider_endValue","1","empty 16"
"1308",8211906,"complete","CounterbalanceA","BCA","CAB",NA,NA,"Empty_2","response_slider_endValue","-2","empty 216"
"1380",8211906,"complete","CounterbalanceA","BCA","CAB",NA,NA,"Empty_2","response_slider_endValue","3","empty 16"
"1454",8211903,"complete","CounterbalanceA","CAB","BCA",NA,NA,"Empty_2","response_slider_endValue","7","empty 16"
"1726",8211903,"complete","CounterbalanceA","CAB","BCA",NA,NA,"Empty_2","response_slider_endValue","9","empty 216"
"2000",8203772,"complete","CounterbalanceA","ABC","CAB",NA,NA,"Empty_2","response_slider_endValue","5","empty 216"
"2072",8203772,"complete","CounterbalanceA","ABC","CAB",NA,NA,"Empty_2","response_slider_endValue","-5","empty 16"
"2346",8203567,"complete","CounterbalanceA","BCA","BCA",NA,NA,"Empty_2","response_slider_endValue","-3","empty 216"
"2418",8203567,"complete","CounterbalanceA","BCA","BCA",NA,NA,"Empty_2","response_slider_endValue","0","empty 16"
"2692",8203378,"complete","CounterbalanceA","ABC","CAB",NA,NA,"Empty_2","response_slider_endValue","1","empty 216"
"2764",8203378,"complete","CounterbalanceA","ABC","CAB",NA,NA,"Empty_2","response_slider_endValue","-2","empty 16"
"2838",8203404,"complete","CounterbalanceA","BCA","ABC",NA,NA,"Empty_2","response_slider_endValue","2","empty 16"
"3110",8203404,"complete","CounterbalanceA","BCA","ABC",NA,NA,"Empty_2","response_slider_endValue","2","empty 216"
"3384",8185960,"complete","CounterbalanceA","CAB","BCA",NA,NA,"Empty_2","response_slider_endValue","6","empty 216"
"3456",8185960,"complete","CounterbalanceA","CAB","BCA",NA,NA,"Empty_2","response_slider_endValue","7","empty 16"
"3730",8185777,"complete","CounterbalanceA","BCA","ABC",NA,NA,"Empty_2","response_slider_endValue","-4","empty 216"
"3802",8185777,"complete","CounterbalanceA","BCA","ABC",NA,NA,"Empty_2","response_slider_endValue","0","empty 16"
"3876",8185508,"complete","CounterbalanceA","CAB","CAB",NA,NA,"Empty_2","response_slider_endValue","3","empty 16"
"4148",8185508,"complete","CounterbalanceA","CAB","CAB",NA,NA,"Empty_2","response_slider_endValue","5","empty 216"
"4222",8185412,"complete","CounterbalanceA","BCA","BCA",NA,NA,"Empty_2","response_slider_endValue","-1","empty 16"
"4494",8185412,"complete","CounterbalanceA","BCA","BCA",NA,NA,"Empty_2","response_slider_endValue","4","empty 216"
"4768",8185359,"complete","CounterbalanceA","BCA","BCA",NA,NA,"Empty_2","response_slider_endValue","-5","empty 216"
"4840",8185359,"complete","CounterbalanceA","BCA","BCA",NA,NA,"Empty_2","response_slider_endValue","2","empty 16"
"5114",8185373,"complete","CounterbalanceA","CAB","CAB",NA,NA,"Empty_2","response_slider_endValue","-1","empty 216"
"5186",8185373,"complete","CounterbalanceA","CAB","CAB",NA,NA,"Empty_2","response_slider_endValue","-1","empty 16"
"5460",8185378,"complete","CounterbalanceA","ABC","ABC",NA,NA,"Empty_2","response_slider_endValue","-2","empty 216"
"5532",8185378,"complete","CounterbalanceA","ABC","ABC",NA,NA,"Empty_2","response_slider_endValue","3","empty 16"
"5806",8178671,"complete","CounterbalanceA","ABC","ABC",NA,NA,"Empty_2","response_slider_endValue","0","empty 216"
"5878",8178671,"complete","CounterbalanceA","ABC","ABC",NA,NA,"Empty_2","response_slider_endValue","2","empty 16"
"6152",8177410,"complete","CounterbalanceA","BCA","BCA",NA,NA,"Empty_2","response_slider_endValue","2","empty 216"
"6224",8177410,"complete","CounterbalanceA","BCA","BCA",NA,NA,"Empty_2","response_slider_endValue","0","empty 16"
"6298",8177131,"complete","CounterbalanceA","CAB","CAB",NA,NA,"Empty_2","response_slider_endValue","2","empty 16"
"6570",8177131,"complete","CounterbalanceA","CAB","CAB",NA,NA,"Empty_2","response_slider_endValue","1","empty 216"
"6644",8177042,"complete","CounterbalanceA","BCA","BCA",NA,NA,"Empty_2","response_slider_endValue","8","empty 16"
"6916",8177042,"complete","CounterbalanceA","BCA","BCA",NA,NA,"Empty_2","response_slider_endValue","9","empty 216"
"7190",8177146,"complete","CounterbalanceA","ABC","ABC",NA,NA,"Empty_2","response_slider_endValue","-3","empty 216"
"7262",8177146,"complete","CounterbalanceA","ABC","ABC",NA,NA,"Empty_2","response_slider_endValue","-3","empty 16"
"7336",8177036,"complete","CounterbalanceA","ABC","ABC",NA,NA,"Empty_2","response_slider_endValue","1","empty 16"
"7608",8177036,"complete","CounterbalanceA","ABC","ABC",NA,NA,"Empty_2","response_slider_endValue","-2","empty 216"
"7882",8213635,"complete","CounterbalanceA","BCA","BCA",NA,NA,"Empty_2","response_slider_endValue","-1","empty 216"
"7954",8213635,"complete","CounterbalanceA","BCA","BCA",NA,NA,"Empty_2","response_slider_endValue","5","empty 16"
"8028",8213551,"complete","CounterbalanceA","ABC","ABC",NA,NA,"Empty_2","response_slider_endValue","-1","empty 16"
"8300",8213551,"complete","CounterbalanceA","ABC","ABC",NA,NA,"Empty_2","response_slider_endValue","-7","empty 216"
"8374",8204347,"complete","CounterbalanceA","BCA","ABC",NA,NA,"Empty_2","response_slider_endValue","1","empty 16"
"8646",8204347,"complete","CounterbalanceA","BCA","ABC",NA,NA,"Empty_2","response_slider_endValue","3","empty 216"
"8720",8177485,"complete","CounterbalanceA","ABC","CAB",NA,NA,"Empty_2","response_slider_endValue","0","empty 16"
"8992",8177485,"complete","CounterbalanceA","ABC","CAB",NA,NA,"Empty_2","response_slider_endValue","0","empty 216"
"701",8219174,"complete","CounterbalanceB",NA,NA,"ABC","CAB","Empty_2","response_slider_endValue","4","empty 16"
"3421",8219174,"complete","CounterbalanceB",NA,NA,"ABC","CAB","Empty_2","response_slider_endValue","9","empty 216"
"6161",8213570,"complete","CounterbalanceB",NA,NA,"BCA","ABC","Empty_2","response_slider_endValue","2","empty 216"
"6881",8213570,"complete","CounterbalanceB",NA,NA,"BCA","ABC","Empty_2","response_slider_endValue","0","empty 16"
"9621",8212018,"complete","CounterbalanceB",NA,NA,"ABC","CAB","Empty_2","response_slider_endValue","5","empty 216"
"10342",8212018,"complete","CounterbalanceB",NA,NA,"ABC","CAB","Empty_2","response_slider_endValue","7","empty 16"
"1108",8211913,"complete","CounterbalanceB",NA,NA,"ABC","BCA","Empty_2","response_slider_endValue","-2","empty 16"
"13801",8211913,"complete","CounterbalanceB",NA,NA,"ABC","BCA","Empty_2","response_slider_endValue","-5","empty 216"
"14541",8211957,"complete","CounterbalanceB",NA,NA,"BCA","ABC","Empty_2","response_slider_endValue","-6","empty 16"
"17261",8211957,"complete","CounterbalanceB",NA,NA,"BCA","ABC","Empty_2","response_slider_endValue","-9","empty 216"
"1800",8204854,"complete","CounterbalanceB",NA,NA,"CAB","CAB","Empty_2","response_slider_endValue","0","empty 16"
"20721",8204854,"complete","CounterbalanceB",NA,NA,"CAB","CAB","Empty_2","response_slider_endValue","-8","empty 216"
"23461",8204361,"complete","CounterbalanceB",NA,NA,"BCA","BCA","Empty_2","response_slider_endValue","6","empty 216"
"24181",8204361,"complete","CounterbalanceB",NA,NA,"BCA","BCA","Empty_2","response_slider_endValue","-3","empty 16"
"26921",8204029,"complete","CounterbalanceB",NA,NA,"ABC","ABC","Empty_2","response_slider_endValue","0","empty 216"
"27641",8204029,"complete","CounterbalanceB",NA,NA,"ABC","ABC","Empty_2","response_slider_endValue","4","empty 16"
"3038",8203523,"complete","CounterbalanceB",NA,NA,"CAB","BCA","Empty_2","response_slider_endValue","-3","empty 216"
"31101",8203523,"complete","CounterbalanceB",NA,NA,"CAB","BCA","Empty_2","response_slider_endValue","4","empty 16"
"33841",8203381,"complete","CounterbalanceB",NA,NA,"CAB","BCA","Empty_2","response_slider_endValue","0","empty 216"
"34561",8203381,"complete","CounterbalanceB",NA,NA,"CAB","BCA","Empty_2","response_slider_endValue","0","empty 16"
"3530",8203394,"complete","CounterbalanceB",NA,NA,"ABC","CAB","Empty_2","response_slider_endValue","2","empty 16"
"38021",8203394,"complete","CounterbalanceB",NA,NA,"ABC","CAB","Empty_2","response_slider_endValue","1","empty 216"
"38761",8203415,"complete","CounterbalanceB",NA,NA,"BCA","ABC","Empty_2","response_slider_endValue","-3","empty 16"
"41481",8203415,"complete","CounterbalanceB",NA,NA,"BCA","ABC","Empty_2","response_slider_endValue","8","empty 216"
"4422",8203372,"complete","CounterbalanceB",NA,NA,"BCA","ABC","Empty_2","response_slider_endValue","-3","empty 216"
"44941",8203372,"complete","CounterbalanceB",NA,NA,"BCA","ABC","Empty_2","response_slider_endValue","-2","empty 16"
"4568",8186219,"complete","CounterbalanceB",NA,NA,"ABC","CAB","Empty_2","response_slider_endValue","7","empty 16"
"48401",8186219,"complete","CounterbalanceB",NA,NA,"ABC","CAB","Empty_2","response_slider_endValue","2","empty 216"
"51141",8185751,"complete","CounterbalanceB",NA,NA,"CAB","BCA","Empty_2","response_slider_endValue","8","empty 216"
"51861",8185751,"complete","CounterbalanceB",NA,NA,"CAB","BCA","Empty_2","response_slider_endValue","7","empty 16"
"5260",8185697,"complete","CounterbalanceB",NA,NA,"BCA","ABC","Empty_2","response_slider_endValue","6","empty 16"
"55321",8185697,"complete","CounterbalanceB",NA,NA,"BCA","ABC","Empty_2","response_slider_endValue","5","empty 216"
"5606",8185527,"complete","CounterbalanceB",NA,NA,"ABC","CAB","Empty_2","response_slider_endValue","6","empty 16"
"58781",8185527,"complete","CounterbalanceB",NA,NA,"ABC","CAB","Empty_2","response_slider_endValue","6","empty 216"
"61521",8185507,"complete","CounterbalanceB",NA,NA,"CAB","BCA","Empty_2","response_slider_endValue","-8","empty 216"
"62241",8185507,"complete","CounterbalanceB",NA,NA,"CAB","BCA","Empty_2","response_slider_endValue","-6","empty 16"
"62981",8185381,"complete","CounterbalanceB",NA,NA,"ABC","CAB","Empty_2","response_slider_endValue","2","empty 16"
"65701",8185381,"complete","CounterbalanceB",NA,NA,"ABC","CAB","Empty_2","response_slider_endValue","2","empty 216"
"6844",8185386,"complete","CounterbalanceB",NA,NA,"BCA","ABC","Empty_2","response_slider_endValue","0","empty 216"
"69161",8185386,"complete","CounterbalanceB",NA,NA,"BCA","ABC","Empty_2","response_slider_endValue","-4","empty 16"
"6990",8178858,"complete","CounterbalanceB",NA,NA,"BCA","ABC","Empty_2","response_slider_endValue","3","empty 16"
"72621",8178858,"complete","CounterbalanceB",NA,NA,"BCA","ABC","Empty_2","response_slider_endValue","5","empty 216"
"73361",8178022,"complete","CounterbalanceB",NA,NA,"ABC","CAB","Empty_2","response_slider_endValue","3","empty 16"
"76081",8178022,"complete","CounterbalanceB",NA,NA,"ABC","CAB","Empty_2","response_slider_endValue","7","empty 216"
"7682",8177488,"complete","CounterbalanceB",NA,NA,"BCA","ABC","Empty_2","response_slider_endValue","-2","empty 16"
"79541",8177488,"complete","CounterbalanceB",NA,NA,"BCA","ABC","Empty_2","response_slider_endValue","-6","empty 216"
"8228",8177230,"complete","CounterbalanceB",NA,NA,"ABC","BCA","Empty_2","response_slider_endValue","7","empty 216"
"83001",8177230,"complete","CounterbalanceB",NA,NA,"ABC","BCA","Empty_2","response_slider_endValue","4","empty 16"
"8574",8177111,"complete","CounterbalanceB",NA,NA,"BCA","CAB","Empty_2","response_slider_endValue","-1","empty 216"
"86461",8177111,"complete","CounterbalanceB",NA,NA,"BCA","CAB","Empty_2","response_slider_endValue","3","empty 16"
"87201",8177190,"complete","CounterbalanceB",NA,NA,"CAB","ABC","Empty_2","response_slider_endValue","-5","empty 16"
"89921",8177190,"complete","CounterbalanceB",NA,NA,"CAB","ABC","Empty_2","response_slider_endValue","4","empty 216"
"9066",8177084,"complete","CounterbalanceB",NA,NA,"ABC","BCA","Empty_2","response_slider_endValue","3","empty 16"
"9338",8177084,"complete","CounterbalanceB",NA,NA,"ABC","BCA","Empty_2","response_slider_endValue","-3","empty 216"
"9612",8213565,"complete","CounterbalanceB",NA,NA,"CAB","BCA","Empty_2","response_slider_endValue","0","empty 216"
"9684",8213565,"complete","CounterbalanceB",NA,NA,"CAB","BCA","Empty_2","response_slider_endValue","-2","empty 16"
"9958",8212004,"complete","CounterbalanceB",NA,NA,"CAB","BCA","Empty_2","response_slider_endValue","4","empty 216"
"10030",8212004,"complete","CounterbalanceB",NA,NA,"CAB","BCA","Empty_2","response_slider_endValue","2","empty 16"
"702",8213666,"complete","CounterbalanceA","CAB","CAB",NA,NA,"Empty","response_slider_endValue","9","empty 16"
"3422",8213666,"complete","CounterbalanceA","CAB","CAB",NA,NA,"Empty","response_slider_endValue","4","empty 216"
"6162",8213635,"complete","CounterbalanceA","BCA","BCA",NA,NA,"Empty","response_slider_endValue","-1","empty 216"
"6882",8213635,"complete","CounterbalanceA","BCA","BCA",NA,NA,"Empty","response_slider_endValue","4","empty 16"
"762",8213551,"complete","CounterbalanceA","ABC","ABC",NA,NA,"Empty","response_slider_endValue","3","empty 16"
"10343",8213551,"complete","CounterbalanceA","ABC","ABC",NA,NA,"Empty","response_slider_endValue","5","empty 216"
"11081",8212009,"complete","CounterbalanceA","BCA","ABC",NA,NA,"Empty","response_slider_endValue","1","empty 16"
"13802",8212009,"complete","CounterbalanceA","BCA","ABC",NA,NA,"Empty","response_slider_endValue","1","empty 216"
"14542",8211906,"complete","CounterbalanceA","BCA","CAB",NA,NA,"Empty","response_slider_endValue","-1","empty 16"
"17262",8211906,"complete","CounterbalanceA","BCA","CAB",NA,NA,"Empty","response_slider_endValue","5","empty 216"
"18001",8211903,"complete","CounterbalanceA","CAB","BCA",NA,NA,"Empty","response_slider_endValue","8","empty 16"
"20722",8211903,"complete","CounterbalanceA","CAB","BCA",NA,NA,"Empty","response_slider_endValue","9","empty 216"
"23462",8211926,"complete","CounterbalanceA","ABC","BCA",NA,NA,"Empty","response_slider_endValue","0","empty 216"
"24182",8211926,"complete","CounterbalanceA","ABC","BCA",NA,NA,"Empty","response_slider_endValue","2","empty 16"
"26922",8204347,"complete","CounterbalanceA","BCA","ABC",NA,NA,"Empty","response_slider_endValue","1","empty 216"
"27642",8204347,"complete","CounterbalanceA","BCA","ABC",NA,NA,"Empty","response_slider_endValue","-2","empty 16"
"30381",8203772,"complete","CounterbalanceA","ABC","CAB",NA,NA,"Empty","response_slider_endValue","5","empty 216"
"31102",8203772,"complete","CounterbalanceA","ABC","CAB",NA,NA,"Empty","response_slider_endValue","-5","empty 16"
"3184",8203567,"complete","CounterbalanceA","BCA","BCA",NA,NA,"Empty","response_slider_endValue","-2","empty 16"
"34562",8203567,"complete","CounterbalanceA","BCA","BCA",NA,NA,"Empty","response_slider_endValue","-6","empty 216"
"35301",8203404,"complete","CounterbalanceA","BCA","ABC",NA,NA,"Empty","response_slider_endValue","3","empty 16"
"38022",8203404,"complete","CounterbalanceA","BCA","ABC",NA,NA,"Empty","response_slider_endValue","-9","empty 216"
"38762",8203378,"complete","CounterbalanceA","ABC","CAB",NA,NA,"Empty","response_slider_endValue","-3","empty 16"
"41482",8203378,"complete","CounterbalanceA","ABC","CAB",NA,NA,"Empty","response_slider_endValue","-3","empty 216"
"42221",8185960,"complete","CounterbalanceA","CAB","BCA",NA,NA,"Empty","response_slider_endValue","8","empty 16"
"44942",8185960,"complete","CounterbalanceA","CAB","BCA",NA,NA,"Empty","response_slider_endValue","8","empty 216"
"47681",8185777,"complete","CounterbalanceA","BCA","ABC",NA,NA,"Empty","response_slider_endValue","-4","empty 216"
"48402",8185777,"complete","CounterbalanceA","BCA","ABC",NA,NA,"Empty","response_slider_endValue","-1","empty 16"
"4914",8185508,"complete","CounterbalanceA","CAB","CAB",NA,NA,"Empty","response_slider_endValue","7","empty 16"
"51862",8185508,"complete","CounterbalanceA","CAB","CAB",NA,NA,"Empty","response_slider_endValue","-3","empty 216"
"54601",8185412,"complete","CounterbalanceA","BCA","BCA",NA,NA,"Empty","response_slider_endValue","5","empty 216"
"55322",8185412,"complete","CounterbalanceA","BCA","BCA",NA,NA,"Empty","response_slider_endValue","1","empty 16"
"56061",8185359,"complete","CounterbalanceA","BCA","BCA",NA,NA,"Empty","response_slider_endValue","-2","empty 16"
"58782",8185359,"complete","CounterbalanceA","BCA","BCA",NA,NA,"Empty","response_slider_endValue","-5","empty 216"
"5952",8185373,"complete","CounterbalanceA","CAB","CAB",NA,NA,"Empty","response_slider_endValue","-2","empty 16"
"62242",8185373,"complete","CounterbalanceA","CAB","CAB",NA,NA,"Empty","response_slider_endValue","-6","empty 216"
"6498",8185378,"complete","CounterbalanceA","ABC","ABC",NA,NA,"Empty","response_slider_endValue","3","empty 216"
"65702",8185378,"complete","CounterbalanceA","ABC","ABC",NA,NA,"Empty","response_slider_endValue","6","empty 16"
"66441",8178671,"complete","CounterbalanceA","ABC","ABC",NA,NA,"Empty","response_slider_endValue","4","empty 16"
"69162",8178671,"complete","CounterbalanceA","ABC","ABC",NA,NA,"Empty","response_slider_endValue","1","empty 216"
"71901",8177485,"complete","CounterbalanceA","ABC","CAB",NA,NA,"Empty","response_slider_endValue","0","empty 216"
"72622",8177485,"complete","CounterbalanceA","ABC","CAB",NA,NA,"Empty","response_slider_endValue","0","empty 16"
"73362",8177410,"complete","CounterbalanceA","BCA","BCA",NA,NA,"Empty","response_slider_endValue","2","empty 16"
"76082",8177410,"complete","CounterbalanceA","BCA","BCA",NA,NA,"Empty","response_slider_endValue","2","empty 216"
"76821",8177131,"complete","CounterbalanceA","CAB","CAB",NA,NA,"Empty","response_slider_endValue","1","empty 16"
"79542",8177131,"complete","CounterbalanceA","CAB","CAB",NA,NA,"Empty","response_slider_endValue","-2","empty 216"
"82281",8177042,"complete","CounterbalanceA","BCA","BCA",NA,NA,"Empty","response_slider_endValue","9","empty 216"
"83002",8177042,"complete","CounterbalanceA","BCA","BCA",NA,NA,"Empty","response_slider_endValue","-7","empty 16"
"85741",8177146,"complete","CounterbalanceA","ABC","ABC",NA,NA,"Empty","response_slider_endValue","-7","empty 216"
"86462",8177146,"complete","CounterbalanceA","ABC","ABC",NA,NA,"Empty","response_slider_endValue","-4","empty 16"
"8920",8177036,"complete","CounterbalanceA","ABC","ABC",NA,NA,"Empty","response_slider_endValue","4","empty 216"
"89922",8177036,"complete","CounterbalanceA","ABC","ABC",NA,NA,"Empty","response_slider_endValue","7","empty 16"
"54",8177146,"complete","CounterbalanceA","ABC","ABC",NA,NA,"No D Events_2","response_slider_endValue","-2","noD"
"112",8177410,"complete","CounterbalanceA","BCA","BCA",NA,NA,"No D Events_2","response_slider_endValue","0","noD"
"170",8177485,"complete","CounterbalanceA","ABC","CAB",NA,NA,"No D Events_2","response_slider_endValue","0","noD"
"228",8185777,"complete","CounterbalanceA","BCA","ABC",NA,NA,"No D Events_2","response_slider_endValue","3","noD"
"286",8185960,"complete","CounterbalanceA","CAB","BCA",NA,NA,"No D Events_2","response_slider_endValue","7","noD"
"344",8203404,"complete","CounterbalanceA","BCA","ABC",NA,NA,"No D Events_2","response_slider_endValue","5","noD"
"402",8203378,"complete","CounterbalanceA","ABC","CAB",NA,NA,"No D Events_2","response_slider_endValue","-2","noD"
"460",8203567,"complete","CounterbalanceA","BCA","BCA",NA,NA,"No D Events_2","response_slider_endValue","2","noD"
"518",8211926,"complete","CounterbalanceA","ABC","BCA",NA,NA,"No D Events_2","response_slider_endValue","4","noD"
"576",8211906,"complete","CounterbalanceA","BCA","CAB",NA,NA,"No D Events_2","response_slider_endValue","0","noD"
"634",8213666,"complete","CounterbalanceA","CAB","CAB",NA,NA,"No D Events_2","response_slider_endValue","9","noD"
"692",8213551,"complete","CounterbalanceA","ABC","ABC",NA,NA,"No D Events_2","response_slider_endValue","3","noD"
"750",8212009,"complete","CounterbalanceA","BCA","ABC",NA,NA,"No D Events_2","response_slider_endValue","5","noD"
"808",8211903,"complete","CounterbalanceA","CAB","BCA",NA,NA,"No D Events_2","response_slider_endValue","4","noD"
"866",8204347,"complete","CounterbalanceA","BCA","ABC",NA,NA,"No D Events_2","response_slider_endValue","5","noD"
"924",8203772,"complete","CounterbalanceA","ABC","CAB",NA,NA,"No D Events_2","response_slider_endValue","4","noD"
"982",8185508,"complete","CounterbalanceA","CAB","CAB",NA,NA,"No D Events_2","response_slider_endValue","6","noD"
"1040",8185373,"complete","CounterbalanceA","CAB","CAB",NA,NA,"No D Events_2","response_slider_endValue","3","noD"
"1098",8185378,"complete","CounterbalanceA","ABC","ABC",NA,NA,"No D Events_2","response_slider_endValue","-2","noD"
"1156",8185412,"complete","CounterbalanceA","BCA","BCA",NA,NA,"No D Events_2","response_slider_endValue","4","noD"
"1214",8185359,"complete","CounterbalanceA","BCA","BCA",NA,NA,"No D Events_2","response_slider_endValue","1","noD"
"1272",8178671,"complete","CounterbalanceA","ABC","ABC",NA,NA,"No D Events_2","response_slider_endValue","3","noD"
"1330",8177131,"complete","CounterbalanceA","CAB","CAB",NA,NA,"No D Events_2","response_slider_endValue","0","noD"
"1388",8177036,"complete","CounterbalanceA","ABC","ABC",NA,NA,"No D Events_2","response_slider_endValue","8","noD"
"1446",8177042,"complete","CounterbalanceA","BCA","BCA",NA,NA,"No D Events_2","response_slider_endValue","9","noD"
"1504",8213635,"complete","CounterbalanceA","BCA","BCA",NA,NA,"No D Events_2","response_slider_endValue","1","noD"
"2701",8219174,"complete","CounterbalanceB",NA,NA,"ABC","CAB","Empty","response_slider_endValue","3","empty 216"
"3423",8219174,"complete","CounterbalanceB",NA,NA,"ABC","CAB","Empty","response_slider_endValue","3","empty 16"
"6163",8213565,"complete","CounterbalanceB",NA,NA,"CAB","BCA","Empty","response_slider_endValue","-2","empty 216"
"6883",8213565,"complete","CounterbalanceB",NA,NA,"CAB","BCA","Empty","response_slider_endValue","1","empty 16"
"9622",8213570,"complete","CounterbalanceB",NA,NA,"BCA","ABC","Empty","response_slider_endValue","0","empty 216"
"10344",8213570,"complete","CounterbalanceB",NA,NA,"BCA","ABC","Empty","response_slider_endValue","2","empty 16"
"11082",8212018,"complete","CounterbalanceB",NA,NA,"ABC","CAB","Empty","response_slider_endValue","-6","empty 16"
"13803",8212018,"complete","CounterbalanceB",NA,NA,"ABC","CAB","Empty","response_slider_endValue","7","empty 216"
"14543",8211957,"complete","CounterbalanceB",NA,NA,"BCA","ABC","Empty","response_slider_endValue","0","empty 16"
"17263",8211957,"complete","CounterbalanceB",NA,NA,"BCA","ABC","Empty","response_slider_endValue","4","empty 216"
"18002",8211913,"complete","CounterbalanceB",NA,NA,"ABC","BCA","Empty","response_slider_endValue","2","empty 16"
"20723",8211913,"complete","CounterbalanceB",NA,NA,"ABC","BCA","Empty","response_slider_endValue","-4","empty 216"
"23463",8204854,"complete","CounterbalanceB",NA,NA,"CAB","CAB","Empty","response_slider_endValue","0","empty 216"
"24183",8204854,"complete","CounterbalanceB",NA,NA,"CAB","CAB","Empty","response_slider_endValue","4","empty 16"
"2492",8204361,"complete","CounterbalanceB",NA,NA,"BCA","BCA","Empty","response_slider_endValue","-1","empty 16"
"27643",8204361,"complete","CounterbalanceB",NA,NA,"BCA","BCA","Empty","response_slider_endValue","2","empty 216"
"30382",8204029,"complete","CounterbalanceB",NA,NA,"ABC","ABC","Empty","response_slider_endValue","0","empty 216"
"31103",8204029,"complete","CounterbalanceB",NA,NA,"ABC","ABC","Empty","response_slider_endValue","4","empty 16"
"31841",8203523,"complete","CounterbalanceB",NA,NA,"CAB","BCA","Empty","response_slider_endValue","0","empty 16"
"34563",8203523,"complete","CounterbalanceB",NA,NA,"CAB","BCA","Empty","response_slider_endValue","2","empty 216"
"35302",8203415,"complete","CounterbalanceB",NA,NA,"BCA","ABC","Empty","response_slider_endValue","-4","empty 16"
"38023",8203415,"complete","CounterbalanceB",NA,NA,"BCA","ABC","Empty","response_slider_endValue","8","empty 216"
"4076",8203381,"complete","CounterbalanceB",NA,NA,"CAB","BCA","Empty","response_slider_endValue","2","empty 216"
"41483",8203381,"complete","CounterbalanceB",NA,NA,"CAB","BCA","Empty","response_slider_endValue","0","empty 16"
"44221",8203372,"complete","CounterbalanceB",NA,NA,"BCA","ABC","Empty","response_slider_endValue","-4","empty 216"
"44943",8203372,"complete","CounterbalanceB",NA,NA,"BCA","ABC","Empty","response_slider_endValue","4","empty 16"
"47682",8203394,"complete","CounterbalanceB",NA,NA,"ABC","CAB","Empty","response_slider_endValue","3","empty 216"
"48403",8203394,"complete","CounterbalanceB",NA,NA,"ABC","CAB","Empty","response_slider_endValue","4","empty 16"
"49141",8186219,"complete","CounterbalanceB",NA,NA,"ABC","CAB","Empty","response_slider_endValue","5","empty 16"
"51863",8186219,"complete","CounterbalanceB",NA,NA,"ABC","CAB","Empty","response_slider_endValue","3","empty 216"
"54602",8185751,"complete","CounterbalanceB",NA,NA,"CAB","BCA","Empty","response_slider_endValue","8","empty 216"
"55323",8185751,"complete","CounterbalanceB",NA,NA,"CAB","BCA","Empty","response_slider_endValue","7","empty 16"
"58061",8185697,"complete","CounterbalanceB",NA,NA,"BCA","ABC","Empty","response_slider_endValue","6","empty 216"
"58783",8185697,"complete","CounterbalanceB",NA,NA,"BCA","ABC","Empty","response_slider_endValue","6","empty 16"
"59521",8185507,"complete","CounterbalanceB",NA,NA,"CAB","BCA","Empty","response_slider_endValue","-3","empty 16"
"62243",8185507,"complete","CounterbalanceB",NA,NA,"CAB","BCA","Empty","response_slider_endValue","9","empty 216"
"62982",8185527,"complete","CounterbalanceB",NA,NA,"ABC","CAB","Empty","response_slider_endValue","5","empty 16"
"65703",8185527,"complete","CounterbalanceB",NA,NA,"ABC","CAB","Empty","response_slider_endValue","6","empty 216"
"66442",8185386,"complete","CounterbalanceB",NA,NA,"BCA","ABC","Empty","response_slider_endValue","5","empty 16"
"69163",8185386,"complete","CounterbalanceB",NA,NA,"BCA","ABC","Empty","response_slider_endValue","-1","empty 216"
"69901",8185381,"complete","CounterbalanceB",NA,NA,"ABC","CAB","Empty","response_slider_endValue","3","empty 16"
"72623",8185381,"complete","CounterbalanceB",NA,NA,"ABC","CAB","Empty","response_slider_endValue","2","empty 216"
"7536",8178858,"complete","CounterbalanceB",NA,NA,"BCA","ABC","Empty","response_slider_endValue","3","empty 216"
"76083",8178858,"complete","CounterbalanceB",NA,NA,"BCA","ABC","Empty","response_slider_endValue","4","empty 16"
"76822",8178022,"complete","CounterbalanceB",NA,NA,"ABC","CAB","Empty","response_slider_endValue","-2","empty 16"
"79543",8178022,"complete","CounterbalanceB",NA,NA,"ABC","CAB","Empty","response_slider_endValue","8","empty 216"
"82282",8177488,"complete","CounterbalanceB",NA,NA,"BCA","ABC","Empty","response_slider_endValue","-5","empty 216"
"83003",8177488,"complete","CounterbalanceB",NA,NA,"BCA","ABC","Empty","response_slider_endValue","2","empty 16"
"83741",8177190,"complete","CounterbalanceB",NA,NA,"CAB","ABC","Empty","response_slider_endValue","3","empty 16"
"86463",8177190,"complete","CounterbalanceB",NA,NA,"CAB","ABC","Empty","response_slider_endValue","4","empty 216"
"87202",8177230,"complete","CounterbalanceB",NA,NA,"ABC","BCA","Empty","response_slider_endValue","7","empty 16"
"89923",8177230,"complete","CounterbalanceB",NA,NA,"ABC","BCA","Empty","response_slider_endValue","-1","empty 216"
"90661",8177111,"complete","CounterbalanceB",NA,NA,"BCA","CAB","Empty","response_slider_endValue","2","empty 16"
"93381",8177111,"complete","CounterbalanceB",NA,NA,"BCA","CAB","Empty","response_slider_endValue","1","empty 216"
"96121",8177084,"complete","CounterbalanceB",NA,NA,"ABC","BCA","Empty","response_slider_endValue","-9","empty 216"
"96841",8177084,"complete","CounterbalanceB",NA,NA,"ABC","BCA","Empty","response_slider_endValue","4","empty 16"
"99581",8212004,"complete","CounterbalanceB",NA,NA,"CAB","BCA","Empty","response_slider_endValue","-2","empty 216"
"100301",8212004,"complete","CounterbalanceB",NA,NA,"CAB","BCA","Empty","response_slider_endValue","4","empty 16"
"541",8177111,"complete","CounterbalanceB",NA,NA,"BCA","CAB","No D Events_2","response_slider_endValue","2","noD"
"1121",8185527,"complete","CounterbalanceB",NA,NA,"ABC","CAB","No D Events_2","response_slider_endValue","5","noD"
"1701",8185751,"complete","CounterbalanceB",NA,NA,"CAB","BCA","No D Events_2","response_slider_endValue","7","noD"
"2281",8203381,"complete","CounterbalanceB",NA,NA,"CAB","BCA","No D Events_2","response_slider_endValue","0","noD"
"2861",8211957,"complete","CounterbalanceB",NA,NA,"BCA","ABC","No D Events_2","response_slider_endValue","-1","noD"
"3441",8212018,"complete","CounterbalanceB",NA,NA,"ABC","CAB","No D Events_2","response_slider_endValue","6","noD"
"4021",8219174,"complete","CounterbalanceB",NA,NA,"ABC","CAB","No D Events_2","response_slider_endValue","10","noD"
"4601",8213570,"complete","CounterbalanceB",NA,NA,"BCA","ABC","No D Events_2","response_slider_endValue","1","noD"
"5181",8213565,"complete","CounterbalanceB",NA,NA,"CAB","BCA","No D Events_2","response_slider_endValue","5","noD"
"5761",8212004,"complete","CounterbalanceB",NA,NA,"CAB","BCA","No D Events_2","response_slider_endValue","-7","noD"
"6341",8211913,"complete","CounterbalanceB",NA,NA,"ABC","BCA","No D Events_2","response_slider_endValue","-2","noD"
"6921",8204361,"complete","CounterbalanceB",NA,NA,"BCA","BCA","No D Events_2","response_slider_endValue","5","noD"
"7501",8204029,"complete","CounterbalanceB",NA,NA,"ABC","ABC","No D Events_2","response_slider_endValue","0","noD"
"8081",8203523,"complete","CounterbalanceB",NA,NA,"CAB","BCA","No D Events_2","response_slider_endValue","1","noD"
"8661",8203394,"complete","CounterbalanceB",NA,NA,"ABC","CAB","No D Events_2","response_slider_endValue","3","noD"
"9241",8203372,"complete","CounterbalanceB",NA,NA,"BCA","ABC","No D Events_2","response_slider_endValue","-2","noD"
"9821",8186219,"complete","CounterbalanceB",NA,NA,"ABC","CAB","No D Events_2","response_slider_endValue","1","noD"
"10401",8185697,"complete","CounterbalanceB",NA,NA,"BCA","ABC","No D Events_2","response_slider_endValue","5","noD"
"10981",8185507,"complete","CounterbalanceB",NA,NA,"CAB","BCA","No D Events_2","response_slider_endValue","5","noD"
"11561",8185381,"complete","CounterbalanceB",NA,NA,"ABC","CAB","No D Events_2","response_slider_endValue","7","noD"
"12141",8185386,"complete","CounterbalanceB",NA,NA,"BCA","ABC","No D Events_2","response_slider_endValue","3","noD"
"12721",8178858,"complete","CounterbalanceB",NA,NA,"BCA","ABC","No D Events_2","response_slider_endValue","4","noD"
"13301",8177488,"complete","CounterbalanceB",NA,NA,"BCA","ABC","No D Events_2","response_slider_endValue","2","noD"
"13881",8177190,"complete","CounterbalanceB",NA,NA,"CAB","ABC","No D Events_2","response_slider_endValue","0","noD"
"14461",8177230,"complete","CounterbalanceB",NA,NA,"ABC","BCA","No D Events_2","response_slider_endValue","0","noD"
"15041",8177084,"complete","CounterbalanceB",NA,NA,"ABC","BCA","No D Events_2","response_slider_endValue","4","noD"
"1562",8204854,"complete","CounterbalanceB",NA,NA,"CAB","CAB","No D Events_2","response_slider_endValue","-1","noD"
"1620",8203415,"complete","CounterbalanceB",NA,NA,"BCA","ABC","No D Events_2","response_slider_endValue","-4","noD"
"1678",8178022,"complete","CounterbalanceB",NA,NA,"ABC","CAB","No D Events_2","response_slider_endValue","4","noD"
"2942",8211903,"complete","CounterbalanceA","CAB","BCA",NA,NA,"SingleNT_2","response_slider_endValue","-5","single 216"
"3663",8211903,"complete","CounterbalanceA","CAB","BCA",NA,NA,"SingleNT_2","response_slider_endValue","7","single 16"
"6642",8211926,"complete","CounterbalanceA","ABC","BCA",NA,NA,"SingleNT_2","response_slider_endValue","0","single 216"
"7362",8211926,"complete","CounterbalanceA","ABC","BCA",NA,NA,"SingleNT_2","response_slider_endValue","1","single 16"
"10345",8213666,"complete","CounterbalanceA","CAB","CAB",NA,NA,"SingleNT_2","response_slider_endValue","8","single 216"
"11062",8213666,"complete","CounterbalanceA","CAB","CAB",NA,NA,"SingleNT_2","response_slider_endValue","-3","single 16"
"11801",8213635,"complete","CounterbalanceA","BCA","BCA",NA,NA,"SingleNT_2","response_slider_endValue","4","single 16"
"14762",8213635,"complete","CounterbalanceA","BCA","BCA",NA,NA,"SingleNT_2","response_slider_endValue","-8","single 216"
"17742",8213551,"complete","CounterbalanceA","ABC","ABC",NA,NA,"SingleNT_2","response_slider_endValue","-10","single 216"
"18462",8213551,"complete","CounterbalanceA","ABC","ABC",NA,NA,"SingleNT_2","response_slider_endValue","8","single 16"
"21442",8211906,"complete","CounterbalanceA","BCA","CAB",NA,NA,"SingleNT_2","response_slider_endValue","-4","single 216"
"22162",8211906,"complete","CounterbalanceA","BCA","CAB",NA,NA,"SingleNT_2","response_slider_endValue","7","single 16"
"22901",8204347,"complete","CounterbalanceA","BCA","ABC",NA,NA,"SingleNT_2","response_slider_endValue","4","single 16"
"25862",8204347,"complete","CounterbalanceA","BCA","ABC",NA,NA,"SingleNT_2","response_slider_endValue","2","single 216"
"2660",8203772,"complete","CounterbalanceA","ABC","CAB",NA,NA,"SingleNT_2","response_slider_endValue","3","single 16"
"29562",8203772,"complete","CounterbalanceA","ABC","CAB",NA,NA,"SingleNT_2","response_slider_endValue","-7","single 216"
"32541",8203567,"complete","CounterbalanceA","BCA","BCA",NA,NA,"SingleNT_2","response_slider_endValue","-7","single 216"
"33262",8203567,"complete","CounterbalanceA","BCA","BCA",NA,NA,"SingleNT_2","response_slider_endValue","-1","single 16"
"34001",8203404,"complete","CounterbalanceA","BCA","ABC",NA,NA,"SingleNT_2","response_slider_endValue","6","single 16"
"36962",8203404,"complete","CounterbalanceA","BCA","ABC",NA,NA,"SingleNT_2","response_slider_endValue","-8","single 216"
"3770",8203378,"complete","CounterbalanceA","ABC","CAB",NA,NA,"SingleNT_2","response_slider_endValue","-2","single 16"
"40662",8203378,"complete","CounterbalanceA","ABC","CAB",NA,NA,"SingleNT_2","response_slider_endValue","2","single 216"
"41402",8185960,"complete","CounterbalanceA","CAB","BCA",NA,NA,"SingleNT_2","response_slider_endValue","8","single 16"
"44362",8185960,"complete","CounterbalanceA","CAB","BCA",NA,NA,"SingleNT_2","response_slider_endValue","5","single 216"
"45101",8185777,"complete","CounterbalanceA","BCA","ABC",NA,NA,"SingleNT_2","response_slider_endValue","2","single 16"
"48062",8185777,"complete","CounterbalanceA","BCA","ABC",NA,NA,"SingleNT_2","response_slider_endValue","-8","single 216"
"51042",8185508,"complete","CounterbalanceA","CAB","CAB",NA,NA,"SingleNT_2","response_slider_endValue","-7","single 216"
"51762",8185508,"complete","CounterbalanceA","CAB","CAB",NA,NA,"SingleNT_2","response_slider_endValue","4","single 16"
"52501",8185412,"complete","CounterbalanceA","BCA","BCA",NA,NA,"SingleNT_2","response_slider_endValue","3","single 16"
"55462",8185412,"complete","CounterbalanceA","BCA","BCA",NA,NA,"SingleNT_2","response_slider_endValue","4","single 216"
"58441",8185359,"complete","CounterbalanceA","BCA","BCA",NA,NA,"SingleNT_2","response_slider_endValue","-9","single 216"
"59162",8185359,"complete","CounterbalanceA","BCA","BCA",NA,NA,"SingleNT_2","response_slider_endValue","2","single 16"
"5990",8178671,"complete","CounterbalanceA","ABC","ABC",NA,NA,"SingleNT_2","response_slider_endValue","1","single 16"
"62862",8178671,"complete","CounterbalanceA","ABC","ABC",NA,NA,"SingleNT_2","response_slider_endValue","-4","single 216"
"6360",8177485,"complete","CounterbalanceA","ABC","CAB",NA,NA,"SingleNT_2","response_slider_endValue","0","single 16"
"66562",8177485,"complete","CounterbalanceA","ABC","CAB",NA,NA,"SingleNT_2","response_slider_endValue","0","single 216"
"69542",8177410,"complete","CounterbalanceA","BCA","BCA",NA,NA,"SingleNT_2","response_slider_endValue","-7","single 216"
"70262",8177410,"complete","CounterbalanceA","BCA","BCA",NA,NA,"SingleNT_2","response_slider_endValue","0","single 16"
"73241",8177146,"complete","CounterbalanceA","ABC","ABC",NA,NA,"SingleNT_2","response_slider_endValue","-3","single 216"
"73962",8177146,"complete","CounterbalanceA","ABC","ABC",NA,NA,"SingleNT_2","response_slider_endValue","-8","single 16"
"76941",8177036,"complete","CounterbalanceA","ABC","ABC",NA,NA,"SingleNT_2","response_slider_endValue","-7","single 216"
"77662",8177036,"complete","CounterbalanceA","ABC","ABC",NA,NA,"SingleNT_2","response_slider_endValue","7","single 16"
"7841",8177131,"complete","CounterbalanceA","CAB","CAB",NA,NA,"SingleNT_2","response_slider_endValue","4","single 16"
"8137",8177131,"complete","CounterbalanceA","CAB","CAB",NA,NA,"SingleNT_2","response_slider_endValue","-7","single 216"
"8435",8177042,"complete","CounterbalanceA","BCA","BCA",NA,NA,"SingleNT_2","response_slider_endValue","8","single 216"
"8507",8177042,"complete","CounterbalanceA","BCA","BCA",NA,NA,"SingleNT_2","response_slider_endValue","8","single 16"
"8805",8212009,"complete","CounterbalanceA","BCA","ABC",NA,NA,"SingleNT_2","response_slider_endValue","-4","single 216"
"8877",8212009,"complete","CounterbalanceA","BCA","ABC",NA,NA,"SingleNT_2","response_slider_endValue","4","single 16"
"8951",8185378,"complete","CounterbalanceA","ABC","ABC",NA,NA,"SingleNT_2","response_slider_endValue","-1","single 16"
"9247",8185378,"complete","CounterbalanceA","ABC","ABC",NA,NA,"SingleNT_2","response_slider_endValue","-9","single 216"
"9545",8185373,"complete","CounterbalanceA","CAB","CAB",NA,NA,"SingleNT_2","response_slider_endValue","-1","single 216"
"9617",8185373,"complete","CounterbalanceA","CAB","CAB",NA,NA,"SingleNT_2","response_slider_endValue","2","single 16"
"542",8177230,"complete","CounterbalanceB",NA,NA,"ABC","BCA","No D Events","response_slider_endValue","-3","noD"
"1122",8177190,"complete","CounterbalanceB",NA,NA,"CAB","ABC","No D Events","response_slider_endValue","-3","noD"
"1702",8177488,"complete","CounterbalanceB",NA,NA,"BCA","ABC","No D Events","response_slider_endValue","-2","noD"
"2282",8178858,"complete","CounterbalanceB",NA,NA,"BCA","ABC","No D Events","response_slider_endValue","2","noD"
"2862",8185386,"complete","CounterbalanceB",NA,NA,"BCA","ABC","No D Events","response_slider_endValue","4","noD"
"3442",8185381,"complete","CounterbalanceB",NA,NA,"ABC","CAB","No D Events","response_slider_endValue","6","noD"
"4022",8185507,"complete","CounterbalanceB",NA,NA,"CAB","BCA","No D Events","response_slider_endValue","5","noD"
"4602",8203415,"complete","CounterbalanceB",NA,NA,"BCA","ABC","No D Events","response_slider_endValue","-5","noD"
"5182",8203394,"complete","CounterbalanceB",NA,NA,"ABC","CAB","No D Events","response_slider_endValue","3","noD"
"5762",8203381,"complete","CounterbalanceB",NA,NA,"CAB","BCA","No D Events","response_slider_endValue","0","noD"
"6342",8211957,"complete","CounterbalanceB",NA,NA,"BCA","ABC","No D Events","response_slider_endValue","2","noD"
"6922",8219174,"complete","CounterbalanceB",NA,NA,"ABC","CAB","No D Events","response_slider_endValue","9","noD"
"7502",8213570,"complete","CounterbalanceB",NA,NA,"BCA","ABC","No D Events","response_slider_endValue","1","noD"
"8082",8212004,"complete","CounterbalanceB",NA,NA,"CAB","BCA","No D Events","response_slider_endValue","2","noD"
"8662",8204854,"complete","CounterbalanceB",NA,NA,"CAB","CAB","No D Events","response_slider_endValue","5","noD"
"9242",8204361,"complete","CounterbalanceB",NA,NA,"BCA","BCA","No D Events","response_slider_endValue","-3","noD"
"9822",8204029,"complete","CounterbalanceB",NA,NA,"ABC","ABC","No D Events","response_slider_endValue","4","noD"
"10402",8203523,"complete","CounterbalanceB",NA,NA,"CAB","BCA","No D Events","response_slider_endValue","1","noD"
"10982",8203372,"complete","CounterbalanceB",NA,NA,"BCA","ABC","No D Events","response_slider_endValue","-3","noD"
"11562",8186219,"complete","CounterbalanceB",NA,NA,"ABC","CAB","No D Events","response_slider_endValue","1","noD"
"12142",8185751,"complete","CounterbalanceB",NA,NA,"CAB","BCA","No D Events","response_slider_endValue","8","noD"
"12722",8185697,"complete","CounterbalanceB",NA,NA,"BCA","ABC","No D Events","response_slider_endValue","5","noD"
"13302",8185527,"complete","CounterbalanceB",NA,NA,"ABC","CAB","No D Events","response_slider_endValue","5","noD"
"13882",8178022,"complete","CounterbalanceB",NA,NA,"ABC","CAB","No D Events","response_slider_endValue","4","noD"
"14462",8177084,"complete","CounterbalanceB",NA,NA,"ABC","BCA","No D Events","response_slider_endValue","6","noD"
"15042",8177111,"complete","CounterbalanceB",NA,NA,"BCA","CAB","No D Events","response_slider_endValue","-2","noD"
"15621",8213565,"complete","CounterbalanceB",NA,NA,"CAB","BCA","No D Events","response_slider_endValue","0","noD"
"16201",8212018,"complete","CounterbalanceB",NA,NA,"ABC","CAB","No D Events","response_slider_endValue","6","noD"
"16781",8211913,"complete","CounterbalanceB",NA,NA,"ABC","BCA","No D Events","response_slider_endValue","-1","noD"
"543",8185359,"complete","CounterbalanceA","BCA","BCA",NA,NA,"No D Events","response_slider_endValue","5","noD"
"1123",8203404,"complete","CounterbalanceA","BCA","ABC",NA,NA,"No D Events","response_slider_endValue","3","noD"
"1703",8203378,"complete","CounterbalanceA","ABC","CAB",NA,NA,"No D Events","response_slider_endValue","-7","noD"
"2283",8203567,"complete","CounterbalanceA","BCA","BCA",NA,NA,"No D Events","response_slider_endValue","-4","noD"
"2863",8211926,"complete","CounterbalanceA","ABC","BCA",NA,NA,"No D Events","response_slider_endValue","6","noD"
"3443",8213666,"complete","CounterbalanceA","CAB","CAB",NA,NA,"No D Events","response_slider_endValue","-4","noD"
"4023",8213635,"complete","CounterbalanceA","BCA","BCA",NA,NA,"No D Events","response_slider_endValue","-5","noD"
"4603",8213551,"complete","CounterbalanceA","ABC","ABC",NA,NA,"No D Events","response_slider_endValue","7","noD"
"5183",8212009,"complete","CounterbalanceA","BCA","ABC",NA,NA,"No D Events","response_slider_endValue","1","noD"
"5763",8211903,"complete","CounterbalanceA","CAB","BCA",NA,NA,"No D Events","response_slider_endValue","7","noD"
"6343",8211906,"complete","CounterbalanceA","BCA","CAB",NA,NA,"No D Events","response_slider_endValue","2","noD"
"6923",8204347,"complete","CounterbalanceA","BCA","ABC",NA,NA,"No D Events","response_slider_endValue","4","noD"
"7503",8203772,"complete","CounterbalanceA","ABC","CAB",NA,NA,"No D Events","response_slider_endValue","-7","noD"
"8083",8185960,"complete","CounterbalanceA","CAB","BCA",NA,NA,"No D Events","response_slider_endValue","7","noD"
"8663",8185508,"complete","CounterbalanceA","CAB","CAB",NA,NA,"No D Events","response_slider_endValue","6","noD"
"9243",8185373,"complete","CounterbalanceA","CAB","CAB",NA,NA,"No D Events","response_slider_endValue","0","noD"
"9823",8185378,"complete","CounterbalanceA","ABC","ABC",NA,NA,"No D Events","response_slider_endValue","-2","noD"
"10403",8178671,"complete","CounterbalanceA","ABC","ABC",NA,NA,"No D Events","response_slider_endValue","2","noD"
"10983",8177485,"complete","CounterbalanceA","ABC","CAB",NA,NA,"No D Events","response_slider_endValue","0","noD"
"11563",8177410,"complete","CounterbalanceA","BCA","BCA",NA,NA,"No D Events","response_slider_endValue","10","noD"
"12143",8177131,"complete","CounterbalanceA","CAB","CAB",NA,NA,"No D Events","response_slider_endValue","1","noD"
"12723",8177146,"complete","CounterbalanceA","ABC","ABC",NA,NA,"No D Events","response_slider_endValue","-1","noD"
"13303",8177036,"complete","CounterbalanceA","ABC","ABC",NA,NA,"No D Events","response_slider_endValue","4","noD"
"13883",8177042,"complete","CounterbalanceA","BCA","BCA",NA,NA,"No D Events","response_slider_endValue","9","noD"
"14463",8185777,"complete","CounterbalanceA","BCA","ABC",NA,NA,"No D Events","response_slider_endValue","3","noD"
"15043",8185412,"complete","CounterbalanceA","BCA","BCA",NA,NA,"No D Events","response_slider_endValue","3","noD"
